Identifiant de document;Reference document;1 Articles CGI;2 Articles CGI;3 Articles CGI;4 Articles CGI;5 Articles CGI;No disposition;Date mutation;Nature mutation;Valeur fonciere;No voie;B/T/Q;Type de voie;Code voie;Voie;Code postal;Commune;Code departement;Code commune;Prefixe de section;Section;No plan;No Volume;1er lot;Surface Carrez du 1er lot;2eme lot;Surface Carrez du 2eme lot;3eme lot;Surface Carrez du 3eme lot;4eme lot;Surface Carrez du 4eme lot;5eme lot;Surface Carrez du 5eme lot;Nombre de lots;Code type local;Type local;Identifiant local;Surface reelle bati;Nombre pieces principales;Nature culture;Nature culture speciale;Surface terrain
;;;;;;;1;03/01/2022;Vente;55000;13;;RUE;2280;DE LA LIBERTE;1000;BOURG-EN-BRESSE;1;53;;AM;102;;7;24;10;;;;;;;;;1;2;Appartement;;24;1;;
;;;;;;;1;03/01/2022;Vente;143000;;;;B010;CHAMP COCHET;1480;SAVIGNEUX;1;398;;ZE;184;;;;;;;;;;;;0;;;;;;S;;84
;;;;;;;1;03/01/2022;Vente;143000;;;;B010;CHAMP COCHET;1480;SAVIGNEUX;1;398;;ZE;185;;;;;;;;;;;;0;;;;;;S;;88
;;;;;;;1;03/01/2022;Vente;143000;98;;RTE;55;DE LA DOMBES;1480;SAVIGNEUX;1;398;;ZE;187;;1;123;23;;;;;;;;;1;2;Appartement;;140;3;;
;;;;;;;1;04/01/2022;Vente;300;;;;B031;AUX PIERRES;1480;MESSIMY SUR SAONE;1;243;;A;643;;;;;;;;;;;;0;;;;;;T;;510
;;;;;;;1;06/01/2022;Vente;255000;282;;RTE;130;DE POISATON;1560;MANTENAY-MONTLIN;1;230;;ZM;124;;;;;;;;;;;;0;1;Maison;;108;5;S;;649
;;;;;;;1;06/01/2022;Vente;255000;;;;B047;LA FREGONIERE;1560;MANTENAY-MONTLIN;1;230;;ZM;126;;;;;;;;;;;;0;;;;;;S;;360
;;;;;;;1;03/01/2022;Vente;525000;;;PL;300;DE LA CROIX BLANCHE;1390;SAINT-ANDRE-DE-CORCY;1;333;;AN;23;;;;;;;;;;;;0;;;;;;S;;50
;;;;;;;1;03/01/2022;Vente;525000;217;;PL;300;DE LA CROIX BLANCHE;1390;SAINT-ANDRE-DE-CORCY;1;333;;AN;186;;;;;;;;;;;;0;4;Local industriel. commercial ou assimilé;;424;0;S;;628
;;;;;;;1;03/01/2022;Vente;525000;217;;PL;300;DE LA CROIX BLANCHE;1390;SAINT-ANDRE-DE-CORCY;1;333;;AN;186;;;;;;;;;;;;0;2;Appartement;;126;4;S;;628
;;;;;;;1;05/01/2022;Vente;254200;;;;B036;MAS ROLLAND;1700;SAINT-MAURICE-DE-BEYNOST;1;376;;AC;589;;;;;;;;;;;;0;;;;;;AB;;784
;;;;;;;1;05/01/2022;Vente;64000;12;;BD;620;DE BROU;1000;BOURG-EN-BRESSE;1;53;;BC;223;;7;39;5;;;;;;;;;1;2;Appartement;;117;2;;
;;;;;;;1;05/01/2022;Vente;64000;12;;BD;620;DE BROU;1000;BOURG-EN-BRESSE;1;53;;BC;223;;7;39;5;;;;;;;;;1;3;Dépendance;;0;0;;
;;;;;;;1;03/01/2022;Vente;140000;6;;RUE;397;DE BEAUGENCY;1000;BOURG-EN-BRESSE;1;53;;BZ;175;;;;;;;;;;;;0;1;Maison;;100;4;S;;796
;;;;;;;1;03/01/2022;Vente;140000;;;RUE;397;DE BEAUGENCY;1000;BOURG-EN-BRESSE;1;53;;BZ;223;;;;;;;;;;;;0;;;;;;AG;IMM;260
;;;;;;;1;03/01/2022;Vente;140000;;;RUE;397;DE BEAUGENCY;1000;BOURG-EN-BRESSE;1;53;;BZ;224;;;;;;;;;;;;0;;;;;;AG;IMM;590
;;;;;;;1;03/01/2022;Vente;140000;;;RUE;397;DE BEAUGENCY;1000;BOURG-EN-BRESSE;1;53;;BZ;241;;;;;;;;;;;;0;;;;;;AG;IMM;262
;;;;;;;1;04/01/2022;Vente;134000;13;;RUE;1070;DE CUIRON;1000;BOURG-EN-BRESSE;1;53;;CS;321;;4;70;2;;;;;;;;;1;3;Dépendance;;0;0;;
;;;;;;;1;04/01/2022;Vente;134000;13;;RUE;1070;DE CUIRON;1000;BOURG-EN-BRESSE;1;53;;CS;321;;4;70;2;;;;;;;;;1;2;Appartement;;46;1;;
;;;;;;;1;04/01/2022;Vente;134000;13;;RUE;1070;DE CUIRON;1000;BOURG-EN-BRESSE;1;53;;CS;321;;4;70;2;;;;;;;;;1;3;Dépendance;;0;0;;
;;;;;;;1;10/01/2022;Vente;580000;;;;B092;COUTELIEU;1500;AMBRONAY;1;7;;ZN;519;;;;;;;;;;;;0;;;;;;S;;27
;;;;;;;1;10/01/2022;Vente;580000;45;;RUE;119;DES COMBES;1500;AMBRONAY;1;7;;ZN;521;;;;;;;;;;;;0;3;Dépendance;;0;0;S;;496
;;;;;;;1;10/01/2022;Vente;580000;45;;RUE;119;DES COMBES;1500;AMBRONAY;1;7;;ZN;521;;;;;;;;;;;;0;1;Maison;;204;6;S;;496
;;;;;;;1;10/01/2022;Vente;580000;45;;RUE;119;DES COMBES;1500;AMBRONAY;1;7;;ZN;521;;;;;;;;;;;;0;3;Dépendance;;0;0;S;;496
;;;;;;;1;10/01/2022;Vente;580000;45;;RUE;119;DES COMBES;1500;AMBRONAY;1;7;;ZN;521;;;;;;;;;;;;0;3;Dépendance;;0;0;S;;496
;;;;;;;1;10/01/2022;Vente;580000;;;;B092;COUTELIEU;1500;AMBRONAY;1;7;;ZN;535;;;;;;;;;;;;0;;;;;;P;;871
;;;;;;;1;04/01/2022;Vente;138000;2;;RUE;394;JEAN MACE;1500;AMBERIEU-EN-BUGEY;1;4;;AN;491;;8;64;92;;;;;;;;;1;3;Dépendance;;0;0;;
;;;;;;;1;04/01/2022;Vente;138000;2;;RUE;394;JEAN MACE;1500;AMBERIEU-EN-BUGEY;1;4;;AN;491;;16;5;6;3;;8;64;92;;;;;3;3;Dépendance;;0;0;
;;;;;;;1;04/01/2022;Vente;138000;2;;RUE;394;JEAN MACE;1500;AMBERIEU-EN-BUGEY;1;4;;AN;491;;12;9;80;;;;;;;;;1;3;Dépendance;;0;0;;
;;;;;;;1;04/01/2022;Vente;138000;2;;RUE;394;JEAN MACE;1500;AMBERIEU-EN-BUGEY;1;4;;AN;491;;16;5;6;3;;8;64;92;;;;;3;2;Appartement;;67;4;
;;;;;;;1;04/01/2022;Vente;138000;2;;RUE;394;JEAN MACE;1500;AMBERIEU-EN-BUGEY;1;4;;AN;491;;16;5;6;3;;8;64;92;;;;;3;3;Dépendance;;0;0;
;;;;;;;1;05/01/2022;Vente;176000;464;;RUE;33;DU BREU;1710;THOIRY;1;419;;BN;164;;45;25;80;;;;;;;;;1;3;Dépendance;;0;0;;
;;;;;;;1;05/01/2022;Vente;176000;464;;RUE;33;DU BREU;1710;THOIRY;1;419;;BN;164;;10;39;73;;;;;;;;;1;2;Appartement;;39;2;;
;;;;;;;1;06/01/2022;Vente;125000;5075;;;B016;LA CREUZE;1410;MIJOUX;1;247;;B;310;;;;;;;;;;;;0;3;Dépendance;;0;0;S;;245
;;;;;;;1;06/01/2022;Vente;125000;;;;B016;LA CREUZE;1410;MIJOUX;1;247;;B;960;;;;;;;;;;;;0;;;;;;P;;306
;;;;;;;1;06/01/2022;Vente;6300;;;;B083;PRE VERT;1170;GEX;1;173;;AB;225;;;;;;;;;;;;0;;;;;;T;;13
;;;;;;;1;04/01/2022;Vente;100000;54;;GR;45;GRANDE RUE;1150;SAULT-BRENAZ;1;396;;AD;151;;3;62;71;7;;;;;;;;2;3;Dépendance;;0;0;;
;;;;;;;1;04/01/2022;Vente;100000;54;;GR;45;GRANDE RUE;1150;SAULT-BRENAZ;1;396;;AD;151;;3;62;71;7;;;;;;;;2;2;Appartement;;65;3;;
;;;;;;;1;06/01/2022;Vente;157000;21;;PL;260;DU MARCHE;1340;BRESSE VALLONS;1;130;;AB;138;;;;;;;;;;;;0;3;Dépendance;;0;0;S;;212
;;;;;;;1;06/01/2022;Vente;157000;21;;PL;260;DU MARCHE;1340;BRESSE VALLONS;1;130;;AB;138;;;;;;;;;;;;0;1;Maison;;84;4;S;;212
;;;;;;;1;06/01/2022;Vente;157000;;;;B005;LE BOURG;1340;BRESSE VALLONS;1;130;;AB;160;;;;;;;;;;;;0;;;;;;S;;6
;;;;;;;1;04/01/2022;Vente;1000;;;;B059;LA COTE AUX RATS;1470;BENONCES;1;37;;ZK;55;;;;;;;;;;;;0;;;;;;P;;18340
;;;;;;;1;03/01/2022;Vente en l'état futur d'achèvement;575000;443;;AV;475;DE LA GRANDE CHAMPAGNE;1220;DIVONNE-LES-BAINS;1;143;;AO;418;;18;;;;;;;;;;1;3;Dépendance;;0;0;;;
;;;;;;;1;03/01/2022;Vente en l'état futur d'achèvement;575000;443;;AV;475;DE LA GRANDE CHAMPAGNE;1220;DIVONNE-LES-BAINS;1;143;;AO;418;;20;;27;72;40;;;;;;;2;2;Appartement;;71;3;;
;;;;;;;1;03/01/2022;Vente en l'état futur d'achèvement;575000;443;;AV;475;DE LA GRANDE CHAMPAGNE;1220;DIVONNE-LES-BAINS;1;143;;AO;418;;6;;;;;;;;;;1;3;Dépendance;;0;0;;;
;;;;;;;1;04/01/2022;Vente;80000;;;;B176;EN PAILLETANT;1500;AMBERIEU-EN-BUGEY;1;4;;BC;344;;;;;;;;;;;;0;;;;;;VI;;138
;;;;;;;1;04/01/2022;Vente;80000;;;;B176;EN PAILLETANT;1500;AMBERIEU-EN-BUGEY;1;4;;BC;351;;;;;;;;;;;;0;;;;;;VI;;510
;;;;;;;1;04/01/2022;Vente;80000;;;;B176;EN PAILLETANT;1500;AMBERIEU-EN-BUGEY;1;4;;BC;353;;;;;;;;;;;;0;;;;;;VI;;166
;;;;;;;1;04/01/2022;Vente;80000;;;;B275;VAREILLES MARAIS;1500;AMBERIEU-EN-BUGEY;1;4;;BH;11;;;;;;;;;;;;0;;;;;;VI;;154
;;;;;;;1;04/01/2022;Vente;80000;43;;RUE;90;ANTOINE VITTET;1500;AMBERIEU-EN-BUGEY;1;4;;BH;57;;;;;;;;;;;;0;3;Dépendance;;0;0;S;;163
;;;;;;;1;04/01/2022;Vente;80000;43;;RUE;90;ANTOINE VITTET;1500;AMBERIEU-EN-BUGEY;1;4;;BH;57;;;;;;;;;;;;0;1;Maison;;45;3;S;;163
;;;;;;;1;04/01/2022;Vente;80000;;;;B275;VAREILLES MARAIS;1500;AMBERIEU-EN-BUGEY;1;4;;BH;563;;;;;;;;;;;;0;;;;;;S;;16
;;;;;;;1;05/01/2022;Vente;156000;7;;RUE;31;DU CORNIER;1150;VAUX-EN-BUGEY;1;431;;A;1613;;;;;;;;;;;;0;1;Maison;;85;4;S;;310
;;;;;;;1;07/01/2022;Vente;35000;;;;B030;LACRAS;1470;SERRIERES-DE-BRIORD;1;403;;B;2690;;;;;;;;;;;;0;;;;;;AB;;140
;;;;;;;1;07/01/2022;Vente;35000;;;;B030;LACRAS;1470;SERRIERES-DE-BRIORD;1;403;;B;2691;;;;;;;;;;;;0;;;;;;AB;;39
;;;;;;;1;07/01/2022;Vente;35000;;;;B030;LACRAS;1470;SERRIERES-DE-BRIORD;1;403;;B;2696;;;;;;;;;;;;0;;;;;;AB;;1185
;;;;;;;1;03/01/2022;Vente;144500;;;;B013;AUX CHANEES;1480;FRANS;1;166;;ZB;549;;;;;;;;;;;;0;;;;;;AB;;473
;;;;;;;1;03/01/2022;Vente;85000;16;;AV;25;DU JURA;1210;FERNEY-VOLTAIRE;1;160;;AM;517;;438;;;;;;;;;;1;2;Appartement;;3;0;;;
;;;;;;;1;03/01/2022;Vente;85000;16;;AV;25;DU JURA;1210;FERNEY-VOLTAIRE;1;160;;AM;517;;10;;437;33;45;;;;;;;2;2;Appartement;;34;1;;
;;;;;;;1;03/01/2022;Vente;85000;16;;AV;25;DU JURA;1210;FERNEY-VOLTAIRE;1;160;;AM;517;;242;;;;;;;;;;1;3;Dépendance;;0;0;;;
;;;;;;;1;03/01/2022;Vente;85000;16;;AV;25;DU JURA;1210;FERNEY-VOLTAIRE;1;160;;AM;517;;10;;437;33;45;;;;;;;2;3;Dépendance;;0;0;;
;;;;;;;1;07/01/2022;Vente;238935;890;;RUE;251;DE LA COMBE DE L'EAU;1220;DIVONNE-LES-BAINS;1;143;;B;831;;16;45;66;5;;;;;;;;2;3;Dépendance;;0;0;;
;;;;;;;1;07/01/2022;Vente;238935;890;;RUE;251;DE LA COMBE DE L'EAU;1220;DIVONNE-LES-BAINS;1;143;;B;831;;16;45;66;5;;;;;;;;2;2;Appartement;;48;2;;
;;;;;;;1;07/01/2022;Vente;238935;890;;RUE;251;DE LA COMBE DE L'EAU;1220;DIVONNE-LES-BAINS;1;143;;B;831;;16;45;66;5;;;;;;;;2;3;Dépendance;;0;0;;
;;;;;;;1;05/01/2022;Vente en l'état futur d'achèvement;267000;;;;B037;LE MARAIS;1630;ST-GENIS-POUILLY;1;354;;AY;220;;24;44;85;;;;;;;;;1;;;;;;;
;;;;;;;1;05/01/2022;Vente en l'état futur d'achèvement;267000;;;;B037;LE MARAIS;1630;ST-GENIS-POUILLY;1;354;;AY;220;;54;13;32;;;;;;;;;1;;;;;;;
;;;;;;;1;06/01/2022;Vente;260000;7;;RUE;3125;DES PINS;1000;BOURG-EN-BRESSE;1;53;;CS;218;;;;;;;;;;;;0;1;Maison;;99;5;S;;765
;;;;;;;1;06/01/2022;Vente;9500;6;;RUE;810;CHARLES PEGUY;1000;BOURG-EN-BRESSE;1;53;;BM;89;;4;;;;;;;;;;1;3;Dépendance;;0;0;;;
;;;;;;;1;04/01/2022;Vente;14000;10;B;ALL;3044;DE LA PETITE REYSSOUZE;1000;BOURG-EN-BRESSE;1;53;;BD;227;;111;;;;;;;;;;1;3;Dépendance;;0;0;;;
;;;;;;;1;07/01/2022;Vente;105000;5896;;;B007;LA CHARPINE;1000;SAINT-DENIS-LES-BOURG;1;344;;AI;60;;;;;;;;;;;;0;1;Maison;;108;4;S;;695
;;;;;;;1;07/01/2022;Vente;105000;5896;;;B007;LA CHARPINE;1000;SAINT-DENIS-LES-BOURG;1;344;;AI;60;;;;;;;;;;;;0;1;Maison;;108;4;AG;;660
;;;;;;;1;05/01/2022;Vente;56000;;;;B102;LA JACONNIERE;1270;COLIGNY;1;108;;ZB;244;;;;;;;;;;;;0;;;;;;AB;;1361
;;;;;;;1;04/01/2022;Vente;145000;5;;RUE;690;DES CERISIERS;1000;BOURG-EN-BRESSE;1;53;;AL;40;;30;59;46;;;;;;;;;1;2;Appartement;;60;2;;
;;;;;;;1;04/01/2022;Vente;145000;5;;RUE;690;DES CERISIERS;1000;BOURG-EN-BRESSE;1;53;;AL;40;;16;;;;;;;;;;1;3;Dépendance;;0;0;;;
;;;;;;;1;05/01/2022;Vente;76500;6;;AV;770;DU CHAMP DE FOIRE;1000;BOURG-EN-BRESSE;1;53;;BK;197;;212;31;78;50;;;;;;;;2;2;Appartement;;32;1;;
;;;;;;;1;05/01/2022;Vente;76500;6;;AV;770;DU CHAMP DE FOIRE;1000;BOURG-EN-BRESSE;1;53;;BK;197;;212;31;78;50;;;;;;;;2;3;Dépendance;;0;0;;
;;;;;;;1;07/01/2022;Vente;215000;22;;BD;2540;MAL LECLERC;1000;BOURG-EN-BRESSE;1;53;;AE;111;;12;;56;94;11;;;;;;;2;3;Dépendance;;0;0;;
;;;;;;;1;07/01/2022;Vente;215000;22;;BD;2540;MAL LECLERC;1000;BOURG-EN-BRESSE;1;53;;AE;111;;39;;;;;;;;;;1;3;Dépendance;;0;0;;;
;;;;;;;1;07/01/2022;Vente;215000;22;;BD;2540;MAL LECLERC;1000;BOURG-EN-BRESSE;1;53;;AE;111;;12;;56;94;11;;;;;;;2;2;Appartement;;95;3;;
;;;;;;;1;07/01/2022;Vente;190000;7;;CHE;262;DE BROTONNE;1370;MEILLONNAS;1;241;;ZE;46;;;;;;;;;;;;0;1;Maison;;82;3;S;;600
;;;;;;;2;05/01/2022;Vente;1;;;;B299;RIX;1680;LHUIS;1;216;;H;639;;;;;;;;;;;;0;;;;;;P;;6
;;;;;;;1;11/01/2022;Vente;209000;145;A;RTE;85;DU BOURG;1380;BAGE-DOMMARTIN;1;25;;F;2175;;;;;;;;;;;;0;1;Maison;;180;5;S;;849
;;;;;;;1;11/01/2022;Vente;209000;;;;B004;BAGE LA VILLE;1380;BAGE-DOMMARTIN;1;25;;F;2176;;;;;;;;;;;;0;;;;;;S;;34
;;;;;;;1;11/01/2022;Vente;209000;;;;B004;BAGE LA VILLE;1380;BAGE-DOMMARTIN;1;25;;F;2177;;;;;;;;;;;;0;;;;;;S;;989
;;;;;;;1;04/01/2022;Vente;182000;20;;AV;85;DE VESSY;1210;FERNEY-VOLTAIRE;1;160;;AK;161;;233;37;16;41;;;;;;;;2;2;Appartement;;37;1;;
;;;;;;;1;04/01/2022;Vente;182000;18;;AV;85;DE VESSY;1210;FERNEY-VOLTAIRE;1;160;;AK;161;;94;;;;;;;;;;1;3;Dépendance;;0;0;;;
;;;;;;;1;04/01/2022;Vente;182000;20;;AV;85;DE VESSY;1210;FERNEY-VOLTAIRE;1;160;;AK;161;;233;37;16;41;;;;;;;;2;3;Dépendance;;0;0;;
;;;;;;;1;11/01/2022;Vente;133600;6;;CHE;293;DE LA CHANAZ;1250;NIVIGNE ET SURAN;1;95;172;ZE;48;;;;;;;;;;;;0;3;Dépendance;;0;0;S;;1430
;;;;;;;1;11/01/2022;Vente;133600;6;;CHE;293;DE LA CHANAZ;1250;NIVIGNE ET SURAN;1;95;172;ZE;48;;;;;;;;;;;;0;1;Maison;;63;1;S;;1430
;;;;;;;1;11/01/2022;Vente;133600;;;;B177;LA CHANAZ;1250;NIVIGNE ET SURAN;1;95;172;ZE;49;;;;;;;;;;;;0;;;;;;P;;1600
;;;;;;;1;10/01/2022;Vente;306000;37;;RUE;55;DE LA MAISON FORTE;1220;GRILLY;1;180;;AP;174;;46;;65;52;15;;;;;;;2;3;Dépendance;;0;0;;
;;;;;;;1;10/01/2022;Vente;306000;37;;RUE;55;DE LA MAISON FORTE;1220;GRILLY;1;180;;AP;174;;46;;65;52;15;;;;;;;2;2;Appartement;;52;2;;
;;;;;;;1;10/01/2022;Vente;306000;35;;RUE;55;DE LA MAISON FORTE;1220;GRILLY;1;180;;AP;174;;22;;;;;;;;;;1;3;Dépendance;;0;0;;;
;;;;;;;1;06/01/2022;Vente en l'état futur d'achèvement;554510;;;GR;55;GRANDE RUE;1340;MONTREVEL-EN-BRESSE;1;266;;AC;170;;67;;;;;;;;;;1;;;;;;;;
;;;;;;;1;06/01/2022;Vente en l'état futur d'achèvement;554510;;;GR;55;GRANDE RUE;1340;MONTREVEL-EN-BRESSE;1;266;;AC;170;;87;;;;;;;;;;1;;;;;;;;
;;;;;;;1;06/01/2022;Vente en l'état futur d'achèvement;554510;;;GR;55;GRANDE RUE;1340;MONTREVEL-EN-BRESSE;1;266;;AC;170;;20;;;;;;;;;;1;;;;;;;;
;;;;;;;1;06/01/2022;Vente en l'état futur d'achèvement;554510;;;GR;55;GRANDE RUE;1340;MONTREVEL-EN-BRESSE;1;266;;AC;170;;30;;;;;;;;;;1;;;;;;;;
;;;;;;;1;06/01/2022;Vente en l'état futur d'achèvement;554510;;;GR;55;GRANDE RUE;1340;MONTREVEL-EN-BRESSE;1;266;;AC;170;;53;;;;;;;;;;1;;;;;;;;
;;;;;;;1;06/01/2022;Vente en l'état futur d'achèvement;554510;;;GR;55;GRANDE RUE;1340;MONTREVEL-EN-BRESSE;1;266;;AC;170;;32;;;;;;;;;;1;;;;;;;;
;;;;;;;1;06/01/2022;Vente en l'état futur d'achèvement;554510;;;GR;55;GRANDE RUE;1340;MONTREVEL-EN-BRESSE;1;266;;AC;170;;69;;;;;;;;;;1;;;;;;;;
;;;;;;;1;11/01/2022;Vente;4500;;;;B019;BOIS DES FONTANNETS;1370;SAINT-ETIENNE-DU-BOIS;1;350;;C;25;;;;;;;;;;;;0;;;;;;P;;5390
;;;;;;;1;11/01/2022;Vente;4500;;;;B074;LYONNIERE;1370;SAINT-ETIENNE-DU-BOIS;1;350;;C;353;;;;;;;;;;;;0;;;;;;P;;8770
;;;;;;;2;03/01/2022;Vente;13600;;;;B113;PRES DES ARDANS;1500;DOUVRES;1;149;;B;2417;;;;;;;;;;;;0;;;;;;L;;140
;;;;;;;2;03/01/2022;Vente;13600;;;;B113;PRES DES ARDANS;1500;DOUVRES;1;149;;B;2420;;;;;;;;;;;;0;;;;;;L;;200
;;;;;;;1;05/01/2022;Vente;415000;29;;RUE;550;DE LA REPUBLIQUE;1500;AMBERIEU-EN-BUGEY;1;4;;AO;271;;;;;;;;;;;;0;3;Dépendance;;0;0;S;;139
;;;;;;;1;05/01/2022;Vente;415000;29;;RUE;550;DE LA REPUBLIQUE;1500;AMBERIEU-EN-BUGEY;1;4;;AO;271;;;;;;;;;;;;0;3;Dépendance;;0;0;S;;139
;;;;;;;1;05/01/2022;Vente;415000;29;;RUE;550;DE LA REPUBLIQUE;1500;AMBERIEU-EN-BUGEY;1;4;;AO;271;;;;;;;;;;;;0;3;Dépendance;;0;0;S;;139
;;;;;;;1;05/01/2022;Vente;415000;29;;RUE;550;DE LA REPUBLIQUE;1500;AMBERIEU-EN-BUGEY;1;4;;AO;271;;;;;;;;;;;;0;2;Appartement;;90;3;S;;139
;;;;;;;1;05/01/2022;Vente;415000;29;;RUE;550;DE LA REPUBLIQUE;1500;AMBERIEU-EN-BUGEY;1;4;;AO;271;;;;;;;;;;;;0;3;Dépendance;;0;0;S;;139
;;;;;;;1;05/01/2022;Vente;415000;29;;RUE;550;DE LA REPUBLIQUE;1500;AMBERIEU-EN-BUGEY;1;4;;AO;271;;;;;;;;;;;;0;2;Appartement;;25;1;S;;139
;;;;;;;1;05/01/2022;Vente;415000;29;;RUE;550;DE LA REPUBLIQUE;1500;AMBERIEU-EN-BUGEY;1;4;;AO;271;;;;;;;;;;;;0;4;Local industriel. commercial ou assimilé;;50;0;S;;139
;;;;;;;1;05/01/2022;Vente;415000;29;;RUE;550;DE LA REPUBLIQUE;1500;AMBERIEU-EN-BUGEY;1;4;;AO;271;;;;;;;;;;;;0;2;Appartement;;20;1;S;;139
;;;;;;;1;05/01/2022;Vente;415000;29;;RUE;550;DE LA REPUBLIQUE;1500;AMBERIEU-EN-BUGEY;1;4;;AO;271;;;;;;;;;;;;0;2;Appartement;;90;3;S;;139
;;;;;;;1;05/01/2022;Vente;415000;;;;B003;AMBERIEU VILLE;1500;AMBERIEU-EN-BUGEY;1;4;;AO;954;;;;;;;;;;;;0;;;;;;J;POTAG;240
;;;;;;;1;04/01/2022;Vente;120000;25;;RUE;221;CONSTANTIN;1800;MEXIMIEUX;1;244;;G;573;;;;;;;;;;;;0;1;Maison;;64;3;S;;128
;;;;;;;1;04/01/2022;Vente;17000;;;;B095;HAMEAU DE CHENAVEL;1640;JUJURIEUX;1;199;;A;547;;;;;;;;;;;;0;;;;;;S;;48
;;;;;;;1;04/01/2022;Vente;17000;;;;B095;HAMEAU DE CHENAVEL;1640;JUJURIEUX;1;199;;A;565;;;;;;;;;;;;0;;;;;;S;;28
;;;;;;;1;10/01/2022;Vente;1150000;9015;;;B209;EN PRAGNAT NORD;1500;AMBERIEU-EN-BUGEY;1;4;;AR;528;;;;;;;;;;;;0;4;Local industriel. commercial ou assimilé;;556;0;S;;1637
;;;;;;;1;10/01/2022;Vente;1150000;;;;B209;EN PRAGNAT NORD;1500;AMBERIEU-EN-BUGEY;1;4;;AR;529;;;;;;;;;;;;0;;;;;;AB;;1363
;;;;;;;1;10/01/2022;Vente;1150000;;;;B209;EN PRAGNAT NORD;1500;AMBERIEU-EN-BUGEY;1;4;;AR;530;;;;;;;;;;;;0;;;;;;AB;;188
;;;;;;;1;10/01/2022;Vente;1150000;;;;B209;EN PRAGNAT NORD;1500;AMBERIEU-EN-BUGEY;1;4;;AR;531;;;;;;;;;;;;0;;;;;;S;;232
;;;;;;;1;11/01/2022;Vente;199000;31;;RUE;78;DES TERREAUX;1500;AMBRONAY;1;7;;AB;121;;;;;;;;;;;;0;1;Maison;;98;4;S;;130
;;;;;;;1;11/01/2022;Vente;103800;;;;B229;QUARTIER LES ECOLES;1500;AMBERIEU-EN-BUGEY;1;4;;BS;402;;;;;;;;;;;;0;;;;;;T;;533
;;;;;;;1;05/01/2022;Vente;250000;1780;;CHE;62;DE BECHANNE;1370;SAINT-ETIENNE-DU-BOIS;1;350;;E;989;;;;;;;;;;;;0;1;Maison;;74;4;S;;541
;;;;;;;1;05/01/2022;Vente;250000;1780;;CHE;62;DE BECHANNE;1370;SAINT-ETIENNE-DU-BOIS;1;350;;E;989;;;;;;;;;;;;0;1;Maison;;74;4;P;;472
;;;;;;;1;05/01/2022;Vente;250000;;;;B086;PALAVARE;1370;SAINT-ETIENNE-DU-BOIS;1;350;;E;1373;;;;;;;;;;;;0;;;;;;P;;19
;;;;;;;1;05/01/2022;Vente;250000;;;;B086;PALAVARE;1370;SAINT-ETIENNE-DU-BOIS;1;350;;E;1647;;;;;;;;;;;;0;;;;;;BS;;2003
;;;;;;;1;07/01/2022;Vente;64300;7;;ALL;740;DE CHALLES;1000;BOURG-EN-BRESSE;1;53;;BK;197;;34;;83;30;59;;;;;;;2;3;Dépendance;;0;0;;
;;;;;;;1;07/01/2022;Vente;64300;7;;ALL;740;DE CHALLES;1000;BOURG-EN-BRESSE;1;53;;BK;197;;34;;83;30;59;;;;;;;2;2;Appartement;;32;1;;
;;;;;;;1;06/01/2022;Vente;170000;17;;RUE;361;GEORGES CHARPAK;1170;GEX;1;173;;AD;44;;18;49;23;8;;;;;;;;2;3;Dépendance;;0;0;;
;;;;;;;1;06/01/2022;Vente;170000;17;;RUE;361;GEORGES CHARPAK;1170;GEX;1;173;;AD;44;;18;49;23;8;;;;;;;;2;2;Appartement;;54;2;;
;;;;;;;1;06/01/2022;Vente;170000;17;;RUE;361;GEORGES CHARPAK;1170;GEX;1;173;;AD;44;;2;;;;;;;;;;1;3;Dépendance;;0;0;;;
;;;;;;;1;11/01/2022;Vente;880000;26;;CHE;26;DE CREPILLON;1220;GRILLY;1;180;;AS;41;;;;;;;;;;;;0;1;Maison;;180;5;S;;1049
;;;;;;;1;11/01/2022;Vente;880000;26;;CHE;26;DE CREPILLON;1220;GRILLY;1;180;;AS;41;;;;;;;;;;;;0;3;Dépendance;;0;0;S;;1049
;;;;;;;1;07/01/2022;Vente;250000;3;1;RUE;9;DU CHAUSSIN;1430;CONDAMINE-LA-DOYE;1;112;;ZA;83;;;;;;;;;;;;0;3;Dépendance;;0;0;S;;637
;;;;;;;1;07/01/2022;Vente;250000;3;1;RUE;9;DU CHAUSSIN;1430;CONDAMINE-LA-DOYE;1;112;;ZA;83;;;;;;;;;;;;0;1;Maison;;116;5;S;;637
;;;;;;;1;05/01/2022;Vente;140000;251;;RTE;240;DE LALLEYRIAT;1130;LE POIZAT-LALLEYRIAT;1;204;;AB;64;;;;;;;;;;;;0;1;Maison;;80;3;S;;1861
;;;;;;;1;05/01/2022;Vente;140000;;;;B085;TOUR DE SYLANS;1130;LE POIZAT-LALLEYRIAT;1;204;;AB;142;;;;;;;;;;;;0;;;;;;P;;87
;;;;;;;1;05/01/2022;Vente;140000;;;;B085;TOUR DE SYLANS;1130;LE POIZAT-LALLEYRIAT;1;204;;AB;143;;;;;;;;;;;;0;;;;;;P;;96
;;;;;;;1;05/01/2022;Vente;140000;;;;B085;TOUR DE SYLANS;1130;LE POIZAT-LALLEYRIAT;1;204;;AB;144;;;;;;;;;;;;0;;;;;;P;;406
;;;;;;;1;06/01/2022;Vente;284000;;;;B082;AU VILLAGE;1460;BEARD-GEOVREISSIAT;1;170;;AB;274;;;;;;;;;;;;0;;;;;;P;;265
;;;;;;;1;06/01/2022;Vente;284000;1;;RTE;78;DE PIRE;1460;BEARD-GEOVREISSIAT;1;170;;AB;331;;;;;;;;;;;;0;1;Maison;;158;4;S;;885
;;;;;;;1;06/01/2022;Vente;284000;;;;B082;AU VILLAGE;1460;BEARD-GEOVREISSIAT;1;170;;AB;333;;;;;;;;;;;;0;;;;;;P;;157
;;;;;;;1;10/01/2022;Vente;140000;5262;;;B121;LES PINOUX;1570;MANZIAT;1;231;;C;598;;;;;;;;;;;;0;1;Maison;;76;3;S;;1134
;;;;;;;1;06/01/2022;Vente;38000;5170;;;B050;COLIGNY LE HAUT;1270;COLIGNY;1;108;;AB;204;;;;;;;;;;;;0;1;Maison;;50;2;S;;125
;;;;;;;1;06/01/2022;Vente;38000;;;;B050;COLIGNY LE HAUT;1270;COLIGNY;1;108;;AB;216;;;;;;;;;;;;0;;;;;;J;;646
;;;;;;;1;06/01/2022;Vente;38000;;;;B050;COLIGNY LE HAUT;1270;COLIGNY;1;108;;AB;237;;;;;;;;;;;;0;;;;;;S;;100
;;;;;;;1;06/01/2022;Vente;135000;;;;B013;AU CHALAND;1390;RANCE;1;318;;A;1221;;;;;;;;;;;;0;;;;;;S;;17
;;;;;;;1;06/01/2022;Vente;135000;;;;B013;AU CHALAND;1390;RANCE;1;318;;A;1223;;;;;;;;;;;;0;;;;;;AB;;427
;;;;;;;1;06/01/2022;Vente;135000;;;;B013;AU CHALAND;1390;RANCE;1;318;;A;1227;;;;;;;;;;;;0;;;;;;S;;465
;;;;;;;1;06/01/2022;Vente;135000;;;;B013;AU CHALAND;1390;RANCE;1;318;;A;1228;;;;;;;;;;;;0;;;;;;S;;11
;;;;;;;1;06/01/2022;Vente;135000;;;;B013;AU CHALAND;1390;RANCE;1;318;;A;1229;;;;;;;;;;;;0;;;;;;S;;48
;;;;;;;1;06/01/2022;Vente;135000;;;;B013;AU CHALAND;1390;RANCE;1;318;;A;1230;;;;;;;;;;;;0;;;;;;S;;11
;;;;;;;1;06/01/2022;Vente;135000;;;;B013;AU CHALAND;1390;RANCE;1;318;;A;1231;;;;;;;;;;;;0;;;;;;S;;1
;;;;;;;1;04/01/2022;Vente;8945;;;;B022;LA CARONNIERE;1340;ATTIGNAT;1;24;;C;1166;;;;;;;;;;;;0;;;;;;P;;1266
;;;;;;;1;04/01/2022;Vente;8945;;;;B022;LA CARONNIERE;1340;ATTIGNAT;1;24;;C;1299;;;;;;;;;;;;0;;;;;;P;;12397
;;;;;;;1;07/01/2022;Vente;89000;;;;B179;LE VILLAGE;1990;SAINT-TRIVIER-SUR-MOIGNANS;1;389;;C;1390;;;;;;;;;;;;0;;;;;;AB;;401
;;;;;;;1;07/01/2022;Vente;89000;;;;B179;LE VILLAGE;1990;SAINT-TRIVIER-SUR-MOIGNANS;1;389;;C;1394;;;;;;;;;;;;0;;;;;;AB;;334
;;;;;;;1;07/01/2022;Vente;89000;;;;B179;LE VILLAGE;1990;SAINT-TRIVIER-SUR-MOIGNANS;1;389;;C;1396;;;;;;;;;;;;0;;;;;;S;;13
;;;;;;;1;06/01/2022;Vente;449000;;;;B043;AU PLAT;1600;REYRIEUX;1;322;;ZM;364;;;;;;;;;;;;0;;;;;;S;;367
;;;;;;;1;06/01/2022;Vente;449000;158;Q;CHE;270;DES MINIMES;1600;REYRIEUX;1;322;;ZM;370;;;;;;;;;;;;0;1;Maison;;113;4;S;;513
;;;;;;;1;06/01/2022;Vente;449000;;;;B043;AU PLAT;1600;REYRIEUX;1;322;;ZM;372;;;;;;;;;;;;0;;;;;;S;;47
;;;;;;;1;07/01/2022;Vente;299000;519;B;CHE;160;DES CORBETTES;1600;SAINT-DIDIER-DE-FORMANS;1;347;;C;718;;;;;;;;;;;;0;1;Maison;;80;3;S;;59
;;;;;;;1;07/01/2022;Vente;299000;;;;B009;LA BOTASSE;1600;SAINT-DIDIER-DE-FORMANS;1;347;;C;796;;;;;;;;;;;;0;;;;;;J;;12
;;;;;;;1;07/01/2022;Vente;299000;;;;B009;LA BOTASSE;1600;SAINT-DIDIER-DE-FORMANS;1;347;;C;799;;;;;;;;;;;;0;;;;;;S;;100
;;;;;;;2;06/01/2022;Vente;379000;;;;B045;LE BOURG;1220;GRILLY;1;180;;AR;264;;;;;;;;;;;;0;;;;;;P;;304
;;;;;;;2;06/01/2022;Vente;379000;;;;B037;LES RIPPES;1220;GRILLY;1;180;;AR;266;;;;;;;;;;;;0;;;;;;P;;711
;;;;;;;1;12/01/2022;Vente;145000;2;;ALL;220;DES ERABLES;1990;SAINT-TRIVIER-SUR-MOIGNANS;1;389;;F;838;;108;12;0;;;;;;;;;1;3;Dépendance;;0;0;;
;;;;;;;1;12/01/2022;Vente;145000;6;;ALL;220;DES ERABLES;1990;SAINT-TRIVIER-SUR-MOIGNANS;1;389;;F;838;;35;48;19;;;;;;;;;1;2;Appartement;;57;2;;
;;;;;;;1;07/01/2022;Vente en l'état futur d'achèvement;220970;;;GR;55;GRANDE RUE;1340;MONTREVEL-EN-BRESSE;1;266;;AC;170;;19;;;;;;;;;;1;;;;;;;;
;;;;;;;1;07/01/2022;Vente en l'état futur d'achèvement;220970;;;GR;55;GRANDE RUE;1340;MONTREVEL-EN-BRESSE;1;266;;AC;170;;86;;;;;;;;;;1;;;;;;;;
;;;;;;;1;06/01/2022;Vente;103500;6;B;RUE;50;ANDRE;1190;PONT-DE-VAUX;1;305;;AE;259;;3;44;90;;;;;;;;;1;2;Appartement;;21;2;;
;;;;;;;1;06/01/2022;Vente;103500;6;B;RUE;50;ANDRE;1190;PONT-DE-VAUX;1;305;;AE;259;;3;44;90;;;;;;;;;1;2;Appartement;;45;3;;
;;;;;;;1;04/01/2022;Vente;270000;2;;IMP;1080;DE CUIRON;1000;BOURG-EN-BRESSE;1;53;;AT;21;;;;;;;;;;;;0;4;Local industriel. commercial ou assimilé;;90;0;S;;984
;;;;;;;1;04/01/2022;Vente;270000;2;;IMP;1080;DE CUIRON;1000;BOURG-EN-BRESSE;1;53;;AT;21;;;;;;;;;;;;0;4;Local industriel. commercial ou assimilé;;120;0;S;;984
;;;;;;;2;13/01/2022;Vente;12921;;;;B017;BOIS DES TEPPES;1370;BENY;1;38;;B;98;;;;;;;;;;;;0;;;;;;T;;9365
;;;;;;;2;13/01/2022;Vente;12921;;;;B017;BOIS DES TEPPES;1370;BENY;1;38;;B;99;;;;;;;;;;;;0;;;;;;T;;2980
;;;;;;;2;13/01/2022;Vente;12921;;;;B017;BOIS DES TEPPES;1370;BENY;1;38;;B;100;;;;;;;;;;;;0;;;;;;P;;7210
;;;;;;;2;13/01/2022;Vente;12921;;;;B021;LES CARONNIERES;1370;BENY;1;38;;C;183;;;;;;;;;;;;0;;;;;;T;;4195
;;;;;;;2;13/01/2022;Vente;12921;;;;B021;LES CARONNIERES;1370;BENY;1;38;;C;184;;;;;;;;;;;;0;;;;;;VI;;1240
;;;;;;;2;13/01/2022;Vente;12921;;;;B021;LES CARONNIERES;1370;BENY;1;38;;C;188;;;;;;;;;;;;0;;;;;;P;;13380
;;;;;;;2;13/01/2022;Vente;12921;;;;B021;LES CARONNIERES;1370;BENY;1;38;;C;193;;;;;;;;;;;;0;;;;;;P;;1115
;;;;;;;2;13/01/2022;Vente;12921;;;;B021;LES CARONNIERES;1370;BENY;1;38;;C;200;;;;;;;;;;;;0;;;;;;T;;9170
;;;;;;;2;13/01/2022;Vente;12921;;;;B073;LE MANILLER;1370;BENY;1;38;;C;694;;;;;;;;;;;;0;;;;;;T;;2835
;;;;;;;2;13/01/2022;Vente;12921;;;;B021;LES CARONNIERES;1370;BENY;1;38;;C;727;;;;;;;;;;;;0;;;;;;P;;7626
;;;;;;;2;13/01/2022;Vente;12921;;;;B021;LES CARONNIERES;1370;BENY;1;38;;C;729;;;;;;;;;;;;0;;;;;;P;;340
;;;;;;;2;13/01/2022;Vente;12921;;;;B021;LES CARONNIERES;1370;BENY;1;38;;C;731;;;;;;;;;;;;0;;;;;;T;;2863
;;;;;;;2;13/01/2022;Vente;12921;;;;B021;LES CARONNIERES;1370;BENY;1;38;;C;733;;;;;;;;;;;;0;;;;;;P;;1746
;;;;;;;2;13/01/2022;Vente;12921;;;;B073;LE MANILLER;1370;BENY;1;38;;C;761;;;;;;;;;;;;0;;;;;;P;;7720
;;;;;;;1;13/01/2022;Vente;440;;;;B088;EN PUSSIN;1370;BENY;1;38;;C;137;;;;;;;;;;;;0;;;;;;T;;2445
;;;;;;;1;05/01/2022;Vente;217000;38;;RUE;16;DU BUGEY;1360;LOYETTES;1;224;;A;1085;;;;;;;;;;;;0;4;Local industriel. commercial ou assimilé;;163;0;S;;425
;;;;;;;1;05/01/2022;Vente;217000;38;;RUE;16;DU BUGEY;1360;LOYETTES;1;224;;A;1085;;;;;;;;;;;;0;4;Local industriel. commercial ou assimilé;;;;S;;425
;;;;;;;1;05/01/2022;Vente;217000;38;;RUE;16;DU BUGEY;1360;LOYETTES;1;224;;A;1085;;;;;;;;;;;;0;1;Maison;;45;2;S;;425
;;;;;;;1;06/01/2022;Vente;59000;;;;B043;AU RAFFOUR;1800;VILLIEU-LOYES-MOLLON;1;450;;A;1734;;;;;;;;;;;;0;;;;;;AB;;134
;;;;;;;1;12/01/2022;Vente;61000;;;;B030;COTES MACONS;1470;BRIORD;1;64;;E;2249;;;;;;;;;;;;0;;;;;;AB;;134
;;;;;;;1;12/01/2022;Vente;61000;;;;B030;COTES MACONS;1470;BRIORD;1;64;;E;2251;;;;;;;;;;;;0;;;;;;AB;;137
;;;;;;;1;12/01/2022;Vente;61000;;;;B030;COTES MACONS;1470;BRIORD;1;64;;E;2256;;;;;;;;;;;;0;;;;;;AB;;162
;;;;;;;1;12/01/2022;Vente;61000;;;;B030;COTES MACONS;1470;BRIORD;1;64;;E;2261;;;;;;;;;;;;0;;;;;;AB;;164
;;;;;;;1;12/01/2022;Vente;61000;;;;B030;COTES MACONS;1470;BRIORD;1;64;;E;2266;;;;;;;;;;;;0;;;;;;AB;;173
;;;;;;;1;12/01/2022;Vente;66000;;;;B077;SUR PLAINE;1470;BRIORD;1;64;;E;2248;;;;;;;;;;;;0;;;;;;S;;819
;;;;;;;1;12/01/2022;Vente;66000;;;;B077;SUR PLAINE;1470;BRIORD;1;64;;E;2271;;;;;;;;;;;;0;;;;;;S;;445
;;;;;;;1;07/01/2022;Vente;230000;;;GR;140;GRANDE RUE;1800;BOURG-SAINT-CHRISTOPHE;1;54;;ZD;573;;;;;;;;;;;;0;;;;;;S;;18
;;;;;;;1;07/01/2022;Vente;230000;806;;GR;140;GRANDE RUE;1800;BOURG-SAINT-CHRISTOPHE;1;54;;ZD;586;;;;;;;;;;;;0;;;;;;S;;446
;;;;;;;1;07/01/2022;Vente;230000;806;;GR;140;GRANDE RUE;1800;BOURG-SAINT-CHRISTOPHE;1;54;;ZD;587;;;;;;;;;;;;0;;;;;;S;;4
;;;;;;;1;06/01/2022;Vente;385470;;;RUE;601;DES MURGERES;1800;MEXIMIEUX;1;244;;G;3198;;;;;;;;;;;;0;;;;;;AG;;38
;;;;;;;1;06/01/2022;Vente;385470;47;;CHE;110;DU CALVAIRE;1800;MEXIMIEUX;1;244;;G;3200;;;;;;;;;;;;0;1;Maison;;146;5;S;;373
;;;;;;;1;10/01/2022;Vente;102000;3;;RUE;72;MAZET;1450;PONCIN;1;303;;AB;87;;;;;;;;;;;;0;1;Maison;;70;4;S;;37
;;;;;;;1;13/01/2022;Vente;62000;5049;;PL;80;JEAN MOULIN;1480;BEAUREGARD;1;30;;AA;160;;10;33;20;;;;;;;;;1;2;Appartement;;25;1;;
;;;;;;;1;04/01/2022;Vente;156000;14;;RUE;1559;FRANCOIS ARAGO;1000;BOURG-EN-BRESSE;1;53;;BO;347;;4;280;0;;;;;;;;;1;4;Local industriel. commercial ou assimilé;;286;0;;
;;;;;;;1;07/01/2022;Vente;199000;;;;B086;MARAIS DE VIAL;1310;POLLIAT;1;301;;B;278;;;;;;;;;;;;0;;;;;;L;;2410
;;;;;;;1;07/01/2022;Vente;199000;461;;CHE;32;DU CHARVET;1310;POLLIAT;1;301;;B;595;;;;;;;;;;;;0;1;Maison;;95;6;S;;635
;;;;;;;1;07/01/2022;Vente;199000;461;;CHE;32;DU CHARVET;1310;POLLIAT;1;301;;B;595;;;;;;;;;;;;0;3;Dépendance;;0;0;S;;635
;;;;;;;1;07/01/2022;Vente;199000;;;;B159;VIAL;1310;POLLIAT;1;301;;B;596;;;;;;;;;;;;0;;;;;;VI;;1468
;;;;;;;1;05/01/2022;Vente;118000;329;;RUE;25;DES CARPIERES;1170;SEGNY;1;399;;AA;337;;31;;;;;;;;;;1;3;Dépendance;;0;0;;;
;;;;;;;1;05/01/2022;Vente;118000;329;;RUE;25;DES CARPIERES;1170;SEGNY;1;399;;AA;337;;7;24;70;;;;;;;;;1;2;Appartement;;25;1;;
;;;;;;;1;06/01/2022;Vente;265000;631;;RUE;843;ROYALE;1800;VILLIEU-LOYES-MOLLON;1;450;223;B;87;;;;;;;;;;;;0;1;Maison;;126;3;S;;325
;;;;;;;1;06/01/2022;Vente;265000;631;;RUE;843;ROYALE;1800;VILLIEU-LOYES-MOLLON;1;450;223;B;87;;;;;;;;;;;;0;3;Dépendance;;0;0;S;;325
;;;;;;;1;11/01/2022;Vente;500000;9002;;RUE;44;DE LA PRAIRIE;1100;GROISSIAT;1;181;;C;1024;;;;;;;;;;;;0;4;Local industriel. commercial ou assimilé;;;;S;;2016
;;;;;;;1;12/01/2022;Vente;41000;59;;RUE;300;DOCTEUR MERCIER;1130;NANTUA;1;269;;AB;403;;12;;21;37;12;;;;;;;2;3;Dépendance;;0;0;;
;;;;;;;1;12/01/2022;Vente;41000;59;;RUE;300;DOCTEUR MERCIER;1130;NANTUA;1;269;;AB;403;;12;;21;37;12;;;;;;;2;2;Appartement;;41;2;;
;;;;;;;1;03/01/2022;Vente;172000;49;;RUE;100;DE L'EGLISE;1140;SAINT-DIDIER-SUR-CHALARONNE;1;348;;AP;35;;;;;;;;;;;;0;1;Maison;;120;4;S;;157
;;;;;;;1;10/01/2022;Vente;;;;;B002;CAZAN;1090;GENOUILLEUX;1;169;;A;410;;;;;;;;;;;;;;;;;S;;1055;
;;;;;;;1;10/01/2022;Vente;;;;;B002;CAZAN;1090;GENOUILLEUX;1;169;;A;411;;;;;;;;;;;;;;;;;S;;179;
;;;;;;;1;10/01/2022;Vente;;;;;B002;CAZAN;1090;GENOUILLEUX;1;169;;A;412;;;;;;;;;;;;;;;;;S;;113;
;;;;;;;1;04/01/2022;Vente;125000;109;;RUE;43;DE BRESSE;1110;PLATEAU D'HAUTEVILLE;1;185;;L;550;;;;;;;;;;;;0;1;Maison;;74;3;S;;654
;;;;;;;1;04/01/2022;Vente;125000;109;;RUE;43;DE BRESSE;1110;PLATEAU D'HAUTEVILLE;1;185;;L;550;;;;;;;;;;;;0;3;Dépendance;;0;0;S;;654
;;;;;;;1;06/01/2022;Vente;198000;46;;RUE;680;DE LA POYPE;1330;VILLARS-LES-DOMBES;1;443;;BP;220;;6;70;84;;;;;;;;;1;2;Appartement;;70;3;;
;;;;;;;1;06/01/2022;Vente;198000;46;;RUE;680;DE LA POYPE;1330;VILLARS-LES-DOMBES;1;443;;BP;220;;29;;;;;;;;;;1;3;Dépendance;;0;0;;;
;;;;;;;1;06/01/2022;Vente;198000;46;;RUE;680;DE LA POYPE;1330;VILLARS-LES-DOMBES;1;443;;BP;220;;61;;;;;;;;;;1;3;Dépendance;;0;0;;;
;;;;;;;1;07/01/2022;Vente;735000;252;;RUE;65;DE COMBES;1710;THOIRY;1;419;;BN;84;;;;;;;;;;;;0;1;Maison;;147;5;S;;628
;;;;;;;1;07/01/2022;Vente;735000;252;;RUE;65;DE COMBES;1710;THOIRY;1;419;;BN;84;;;;;;;;;;;;0;3;Dépendance;;0;0;S;;628
;;;;;;;1;10/01/2022;Vente;375744;63;;RUE;150;DE VILLARD;1210;ORNEX;1;281;;AD;129;;102;81;88;;;;;;;;;1;2;Appartement;;81;3;;
;;;;;;;1;10/01/2022;Vente;375744;63;;RUE;150;DE VILLARD;1210;ORNEX;1;281;;AD;129;;51;;;;;;;;;;1;3;Dépendance;;0;0;;;
;;;;;;;1;07/01/2022;Vente;4310000;116;B;IMP;128;DE LA LIOUDE;1170;CESSY;1;71;;AP;17;;;;;;;;;;;;0;2;Appartement;;40;2;S;;510
;;;;;;;1;07/01/2022;Vente;4310000;116;;IMP;128;DE LA LIOUDE;1170;CESSY;1;71;;AP;18;;;;;;;;;;;;0;4;Local industriel. commercial ou assimilé;;2630;0;S;;5000
;;;;;;;1;07/01/2022;Vente;4310000;51;;IMP;128;DE LA LIOUDE;1170;CESSY;1;71;;AP;29;;;;;;;;;;;;0;4;Local industriel. commercial ou assimilé;;293;0;S;;1300
;;;;;;;1;07/01/2022;Vente;4310000;116;;IMP;128;DE LA LIOUDE;1170;CESSY;1;71;;AP;30;;;;;;;;;;;;0;4;Local industriel. commercial ou assimilé;;790;0;S;;2162
;;;;;;;1;07/01/2022;Vente;4310000;;;;B025;LONGES RAYES;1170;CESSY;1;71;;AP;189;;;;;;;;;;;;0;;;;;;S;;335
;;;;;;;1;03/01/2022;Vente en l'état futur d'achèvement;467379;;;;B039;GRIOTIER;1170;CROZET;1;135;;C;2085;;;;;;;;;;;;0;;;;;;AB;;355
;;;;;;;2;08/01/2022;Echange;100;;;;B095;LA LIATTE;1140;ILLIAT;1;188;;C;513;;;;;;;;;;;;0;;;;;;AG;;103
;;;;;;;3;08/01/2022;Echange;100;;;;B095;LA LIATTE;1140;ILLIAT;1;188;;C;511;;;;;;;;;;;;0;;;;;;S;;92
;;;;;;;3;08/01/2022;Echange;100;;;;B095;LA LIATTE;1140;ILLIAT;1;188;;C;514;;;;;;;;;;;;0;;;;;;P;;19
;;;;;;;1;14/01/2022;Vente;6500;;;;B017;AU BOURG;1560;CORMOZ;1;124;;AA;92;;;;;;;;;;;;0;;;;;;J;;325
;;;;;;;1;17/01/2022;Vente;3600;;;;B022;A LA FORET;1560;SERVIGNAT;1;406;;ZC;42;;;;;;;;;;;;0;;;;;;P;;13900
;;;;;;;1;17/01/2022;Vente;3600;;;;B011;CHAMP SALE;1560;SERVIGNAT;1;406;;ZC;84;;;;;;;;;;;;0;;;;;;T;;5787
;;;;;;;1;04/01/2022;Vente;45556;;;;B127;SOUS LA VILLE;1250;NIVIGNE ET SURAN;1;95;;ZE;290;;;;;;;;;;;;0;;;;;;AB;;484
;;;;;;;1;04/01/2022;Vente;45556;;;;B127;SOUS LA VILLE;1250;NIVIGNE ET SURAN;1;95;;ZE;298;;;;;;;;;;;;0;;;;;;AB;;117
;;;;;;;2;12/01/2022;Vente;205000;5155;;;B008;AU BOIS;1560;CORMOZ;1;124;;ZB;161;;;;;;;;;;;;0;1;Maison;;112;3;;;
;;;;;;;2;07/01/2022;Vente;230000;3;;RUE;561;DE LA RESISTANCE;1500;AMBERIEU-EN-BUGEY;1;4;;BS;767;;;;;;;;;;;;0;3;Dépendance;;0;0;S;;402
;;;;;;;2;07/01/2022;Vente;230000;3;;RUE;561;DE LA RESISTANCE;1500;AMBERIEU-EN-BUGEY;1;4;;BS;767;;;;;;;;;;;;0;1;Maison;;131;5;S;;402
;;;;;;;2;07/01/2022;Vente;230000;3;;RUE;561;DE LA RESISTANCE;1500;AMBERIEU-EN-BUGEY;1;4;;BS;767;;;;;;;;;;;;0;3;Dépendance;;0;0;S;;402
;;;;;;;2;07/01/2022;Vente;230000;3;;RUE;561;DE LA RESISTANCE;1500;AMBERIEU-EN-BUGEY;1;4;;BS;767;;;;;;;;;;;;0;2;Appartement;;42;2;S;;402
;;;;;;;2;07/01/2022;Vente;230000;3;;RUE;561;DE LA RESISTANCE;1500;AMBERIEU-EN-BUGEY;1;4;;BS;767;;;;;;;;;;;;0;2;Appartement;;44;2;S;;402
;;;;;;;2;07/01/2022;Vente;230000;3;;RUE;561;DE LA RESISTANCE;1500;AMBERIEU-EN-BUGEY;1;4;;BS;767;;;;;;;;;;;;0;2;Appartement;;22;1;S;;402
;;;;;;;2;07/01/2022;Vente;230000;3;;RUE;561;DE LA RESISTANCE;1500;AMBERIEU-EN-BUGEY;1;4;;BS;767;;;;;;;;;;;;0;2;Appartement;;26;1;S;;402
;;;;;;;2;07/01/2022;Vente;230000;3;;RUE;561;DE LA RESISTANCE;1500;AMBERIEU-EN-BUGEY;1;4;;BS;767;;;;;;;;;;;;0;2;Appartement;;27;1;S;;402
;;;;;;;2;07/01/2022;Vente;230000;3;;RUE;561;DE LA RESISTANCE;1500;AMBERIEU-EN-BUGEY;1;4;;BS;767;;;;;;;;;;;;0;2;Appartement;;43;2;S;;402
;;;;;;;2;07/01/2022;Vente;230000;3;;RUE;561;DE LA RESISTANCE;1500;AMBERIEU-EN-BUGEY;1;4;;BS;767;;;;;;;;;;;;0;2;Appartement;;42;2;S;;402
;;;;;;;2;07/01/2022;Vente;230000;3;;RUE;561;DE LA RESISTANCE;1500;AMBERIEU-EN-BUGEY;1;4;;BS;767;;;;;;;;;;;;0;3;Dépendance;;0;0;S;;402
;;;;;;;2;07/01/2022;Vente;230000;3;;RUE;561;DE LA RESISTANCE;1500;AMBERIEU-EN-BUGEY;1;4;;BS;767;;;;;;;;;;;;0;3;Dépendance;;0;0;S;;402
;;;;;;;2;07/01/2022;Vente;230000;3;;RUE;561;DE LA RESISTANCE;1500;AMBERIEU-EN-BUGEY;1;4;;BS;767;;;;;;;;;;;;0;3;Dépendance;;0;0;S;;402
;;;;;;;2;07/01/2022;Vente;230000;3;;RUE;561;DE LA RESISTANCE;1500;AMBERIEU-EN-BUGEY;1;4;;BS;767;;;;;;;;;;;;0;3;Dépendance;;0;0;S;;402
;;;;;;;2;07/01/2022;Vente;230000;3;;RUE;561;DE LA RESISTANCE;1500;AMBERIEU-EN-BUGEY;1;4;;BS;767;;;;;;;;;;;;0;3;Dépendance;;0;0;S;;402
;;;;;;;2;07/01/2022;Vente;230000;3;;RUE;561;DE LA RESISTANCE;1500;AMBERIEU-EN-BUGEY;1;4;;BS;767;;;;;;;;;;;;0;3;Dépendance;;0;0;S;;402
;;;;;;;2;07/01/2022;Vente;230000;3;;RUE;561;DE LA RESISTANCE;1500;AMBERIEU-EN-BUGEY;1;4;;BS;767;;;;;;;;;;;;0;3;Dépendance;;0;0;S;;402
;;;;;;;2;07/01/2022;Vente;230000;3;;RUE;561;DE LA RESISTANCE;1500;AMBERIEU-EN-BUGEY;1;4;;BS;767;;;;;;;;;;;;0;3;Dépendance;;0;0;S;;402
;;;;;;;2;07/01/2022;Vente;230000;3;;RUE;561;DE LA RESISTANCE;1500;AMBERIEU-EN-BUGEY;1;4;;BS;767;;;;;;;;;;;;0;3;Dépendance;;0;0;S;;402
;;;;;;;2;07/01/2022;Vente;230000;3;;RUE;561;DE LA RESISTANCE;1500;AMBERIEU-EN-BUGEY;1;4;;BS;767;;;;;;;;;;;;0;3;Dépendance;;0;0;S;;402
;;;;;;;2;07/01/2022;Vente;230000;3;;RUE;561;DE LA RESISTANCE;1500;AMBERIEU-EN-BUGEY;1;4;;BS;767;;;;;;;;;;;;0;3;Dépendance;;0;0;S;;402
;;;;;;;2;07/01/2022;Vente;230000;3;;RUE;561;DE LA RESISTANCE;1500;AMBERIEU-EN-BUGEY;1;4;;BS;767;;;;;;;;;;;;0;3;Dépendance;;0;0;S;;402
;;;;;;;2;07/01/2022;Vente;230000;3;;RUE;561;DE LA RESISTANCE;1500;AMBERIEU-EN-BUGEY;1;4;;BS;767;;;;;;;;;;;;0;3;Dépendance;;0;0;S;;402
;;;;;;;2;07/01/2022;Vente;230000;3;;RUE;561;DE LA RESISTANCE;1500;AMBERIEU-EN-BUGEY;1;4;;BS;767;;;;;;;;;;;;0;3;Dépendance;;0;0;S;;402
;;;;;;;2;06/01/2022;Vente;162500;;;;B016;AU PAVILLON;1090;GENOUILLEUX;1;169;;B;757;;;;;;;;;;;;0;;;;;;S;;180
;;;;;;;2;06/01/2022;Vente;162500;;;;B016;AU PAVILLON;1090;GENOUILLEUX;1;169;;B;761;;;;;;;;;;;;0;;;;;;S;;377
;;;;;;;2;06/01/2022;Vente;162500;;;;B016;AU PAVILLON;1090;GENOUILLEUX;1;169;;B;781;;;;;;;;;;;;0;;;;;;S;;282
;;;;;;;2;06/01/2022;Vente;162500;;;;B016;AU PAVILLON;1090;GENOUILLEUX;1;169;;B;784;;;;;;;;;;;;0;;;;;;S;;202
;;;;;;;2;06/01/2022;Vente;162500;;;;B016;AU PAVILLON;1090;GENOUILLEUX;1;169;;B;1055;;;;;;;;;;;;0;;;;;;AB;;713
;;;;;;;1;10/01/2022;Vente;368000;48;;RUE;155;DE GENEVE;1210;FERNEY-VOLTAIRE;1;160;;AO;45;;130;76;0;17;;;;;;;;2;2;Appartement;;75;3;;
;;;;;;;1;10/01/2022;Vente;368000;48;;RUE;155;DE GENEVE;1210;FERNEY-VOLTAIRE;1;160;;AO;45;;130;76;0;17;;;;;;;;2;3;Dépendance;;0;0;;
;;;;;;;1;10/01/2022;Vente;368000;48;;RUE;155;DE GENEVE;1210;FERNEY-VOLTAIRE;1;160;;AO;45;;66;;;;;;;;;;1;3;Dépendance;;0;0;;;
;;;;;;;1;04/01/2022;Vente;588140;100;;CHE;191;DE LA PETITE PRAIRIE;1630;ST-GENIS-POUILLY;1;354;;AD;356;;;;;;;;;;;;0;1;Maison;;110;5;S;;396
;;;;;;;1;04/01/2022;Vente;588140;;;;B027;LES HAUTINS;1630;ST-GENIS-POUILLY;1;354;;AD;404;;;;;;;;;;;;0;;;;;;S;;4
;;;;;;;1;14/01/2022;Vente;470000;24;;IMP;56;DE CORCOCHET;1390;CIVRIEUX;1;105;;ZD;81;;;;;;;;;;;;0;1;Maison;;92;4;S;;411
;;;;;;;1;14/01/2022;Vente;470000;24;;IMP;56;DE CORCOCHET;1390;CIVRIEUX;1;105;;ZD;81;;;;;;;;;;;;0;1;Maison;;92;4;AG;;790
;;;;;;;1;13/01/2022;Vente;80000;191;;RUE;55;PRINCIPALE;1110;CORLIER;1;121;;A;504;;;;;;;;;;;;0;1;Maison;;130;4;S;;557
;;;;;;;1;10/01/2022;Vente;265000;25;B;RUE;500;DE LA PETITE CROZE;1500;AMBERIEU-EN-BUGEY;1;4;;BR;562;;;;;;;;;;;;0;1;Maison;;95;4;S;;51
;;;;;;;1;10/01/2022;Vente;265000;;;;B140;AU LAQUET;1500;AMBERIEU-EN-BUGEY;1;4;;BR;564;;;;;;;;;;;;0;;;;;;S;;325
;;;;;;;1;07/01/2022;Vente;75000;;;;B223;LA NITRIERE;1160;NEUVILLE-SUR-AIN;1;273;;C;1759;;;;;;;;;;;;0;;;;;;P;;600
;;;;;;;1;07/01/2022;Vente;75000;;;;B223;LA NITRIERE;1160;NEUVILLE-SUR-AIN;1;273;;C;1752;;;;;;;;;;;;0;;;;;;P;;600
;;;;;;;1;13/01/2022;Vente;30000;;;;B077;HAMEAU DE VILLENEUVE;1230;CLEYZIEU;1;107;;B;973;;;;;;;;;;;;0;;;;;;S;;770
;;;;;;;1;14/01/2022;Vente;235000;1;T;RUE;220;JEAN MERMOZ;1960;PERONNAS;1;289;;AC;251;;2;84;17;;;;;;;;;1;2;Appartement;;85;3;;
;;;;;;;1;14/01/2022;Vente;235000;1;T;RUE;220;JEAN MERMOZ;1960;PERONNAS;1;289;;AC;251;;9;;;;;;;;;;1;3;Dépendance;;0;0;;;
;;;;;;;1;07/01/2022;Vente;85000;36;;RUE;35;ABBE GREGOIRE;1000;BOURG-EN-BRESSE;1;53;;AH;323;;24;;;;;;;;;;1;3;Dépendance;;0;0;;;
;;;;;;;1;07/01/2022;Vente;85000;36;;RUE;35;ABBE GREGOIRE;1000;BOURG-EN-BRESSE;1;53;;AH;323;;3;;30;55;47;;;;;;;2;2;Appartement;;55;2;;
;;;;;;;1;07/01/2022;Vente;85000;36;;RUE;35;ABBE GREGOIRE;1000;BOURG-EN-BRESSE;1;53;;AH;323;;3;;30;55;47;;;;;;;2;3;Dépendance;;0;0;;
;;;;;;;1;17/01/2022;Vente;275000;2;;RUE;385;DES GALAMIERES;1800;MEXIMIEUX;1;244;;A;1178;;;;;;;;;;;;0;1;Maison;;111;5;S;;290
;;;;;;;2;17/01/2022;Vente;183000;;;;B075;LE SABLON;1800;SAINT-JEAN-DE-NIOST;1;361;;B;2538;;;;;;;;;;;;0;;;;;;T;;732
;;;;;;;2;17/01/2022;Vente;183000;;;;B075;LE SABLON;1800;SAINT-JEAN-DE-NIOST;1;361;;B;2540;;;;;;;;;;;;0;;;;;;T;;40
;;;;;;;1;14/01/2022;Vente;128980;32;;RUE;13;DE BOQUERA;1630;ST-JEAN-DE-GONVILLE;1;360;;C;1373;;10;;40;23;76;;;;;;;2;3;Dépendance;;0;0;;
;;;;;;;1;14/01/2022;Vente;128980;32;;RUE;13;DE BOQUERA;1630;ST-JEAN-DE-GONVILLE;1;360;;C;1373;;70;;;;;;;;;;1;3;Dépendance;;0;0;;;
;;;;;;;1;14/01/2022;Vente;128980;32;;RUE;13;DE BOQUERA;1630;ST-JEAN-DE-GONVILLE;1;360;;C;1373;;10;;40;23;76;;;;;;;2;2;Appartement;;23;1;;
;;;;;;;1;14/01/2022;Vente;178500;336;;CHE;404;DE LA MURE;1380;BAGE-DOMMARTIN;1;25;144;A;757;;;;;;;;;;;;0;1;Maison;;120;5;S;;3567
;;;;;;;1;14/01/2022;Vente;178500;;;;B510;LA MURE;1380;BAGE-DOMMARTIN;1;25;144;A;804;;;;;;;;;;;;0;;;;;;S;;700
;;;;;;;1;14/01/2022;Vente;178500;;;;B510;LA MURE;1380;BAGE-DOMMARTIN;1;25;144;A;804;;;;;;;;;;;;0;;;;;;AG;;2316
;;;;;;;1;06/01/2022;Vente;700600;30;;RTE;290;DES VIGNES;1170;CESSY;1;71;;AI;156;;;;;;;;;;;;0;1;Maison;;157;7;S;;800
;;;;;;;1;06/01/2022;Vente;700600;;;;B038;EN PELATTON;1170;CESSY;1;71;;AI;159;;;;;;;;;;;;0;;;;;;S;;10
;;;;;;;1;06/01/2022;Vente;700600;;;;B038;EN PELATTON;1170;CESSY;1;71;;AI;160;;;;;;;;;;;;0;;;;;;S;;50
;;;;;;;1;06/01/2022;Vente;700600;;;;B038;EN PELATTON;1170;CESSY;1;71;;AI;161;;;;;;;;;;;;0;;;;;;S;;264
;;;;;;;1;14/01/2022;Vente;98000;100;;RUE;39;DU FOUR;1460;BEARD-GEOVREISSIAT;1;170;;AC;117;;;;;;;;;;;;0;1;Maison;;99;5;S;;795
;;;;;;;1;12/01/2022;Vente;483087;60;;RUE;101;DE CHATEAU GAGNEUR;1170;GEX;1;173;;AB;188;;59;;;;;;;;;;1;3;Dépendance;;0;0;;;
;;;;;;;1;12/01/2022;Vente;483087;60;;RUE;101;DE CHATEAU GAGNEUR;1170;GEX;1;173;;AB;188;;76;;;;;;;;;;1;3;Dépendance;;0;0;;;
;;;;;;;1;12/01/2022;Vente;483087;60;;RUE;101;DE CHATEAU GAGNEUR;1170;GEX;1;173;;AB;188;;7;116;6;;;;;;;;;1;2;Appartement;;116;4;;
;;;;;;;1;10/01/2022;Vente;476000;97;;CHE;275;DU PRESSOIR;1600;SAINT-BERNARD;1;339;;AK;51;;;;;;;;;;;;0;1;Maison;;118;5;S;;712
;;;;;;;1;14/01/2022;Vente;215000;183;;RUE;110;DU VIEUX BOURG;1170;SEGNY;1;399;;AK;80;;14;;98;49;66;;;;;;;2;3;Dépendance;;0;0;;
;;;;;;;1;14/01/2022;Vente;215000;183;;RUE;110;DU VIEUX BOURG;1170;SEGNY;1;399;;AK;80;;14;;98;49;66;;;;;;;2;2;Appartement;;51;2;;
;;;;;;;1;14/01/2022;Vente;390000;71;B;CHE;539;DE NARTE;1220;DIVONNE-LES-BAINS;1;143;;AV;240;;32;;;;;;;;;;1;3;Dépendance;;0;0;;;
;;;;;;;1;14/01/2022;Vente;390000;71;B;CHE;539;DE NARTE;1220;DIVONNE-LES-BAINS;1;143;;AV;240;;15;;26;63;78;;;;;;;2;2;Appartement;;64;3;;
;;;;;;;1;14/01/2022;Vente;390000;71;B;CHE;539;DE NARTE;1220;DIVONNE-LES-BAINS;1;143;;AV;240;;15;;26;63;78;;;;;;;2;3;Dépendance;;0;0;;
;;;;;;;2;07/01/2022;Vente;1550;;;;B027;TRELEBOUX;1210;ORNEX;1;281;;B;1982;;;;;;;;;;;;0;;;;;;T;;284
;;;;;;;2;07/01/2022;Vente;1550;;;;B027;TRELEBOUX;1210;ORNEX;1;281;;B;1984;;;;;;;;;;;;0;;;;;;T;;491
;;;;;;;1;14/01/2022;Vente;145000;8;;RUE;125;DE GEX;1630;ST-GENIS-POUILLY;1;354;;BC;62;;80;;;;;;;;;;1;4;Local industriel. commercial ou assimilé;;36;0;;;
;;;;;;;1;14/01/2022;Vente;145000;8;;RUE;125;DE GEX;1630;ST-GENIS-POUILLY;1;354;;BC;62;;86;59;65;;;;;;;;;1;4;Local industriel. commercial ou assimilé;;60;0;;
;;;;;;;1;14/01/2022;Vente;145000;8;;RUE;125;DE GEX;1630;ST-GENIS-POUILLY;1;354;;BC;62;;60;;;;;;;;;;1;4;Local industriel. commercial ou assimilé;;25;0;;;
;;;;;;;1;12/01/2022;Vente;495456;44;;ALL;695;DU SQUARE DE LAUSANNE;1220;DIVONNE-LES-BAINS;1;143;;AE;563;;22;;;;;;;;;;1;3;Dépendance;;0;0;;;
;;;;;;;1;12/01/2022;Vente;495456;44;;ALL;695;DU SQUARE DE LAUSANNE;1220;DIVONNE-LES-BAINS;1;143;;AE;563;;21;;;;;;;;;;1;3;Dépendance;;0;0;;;
;;;;;;;1;12/01/2022;Vente;495456;44;;ALL;695;DU SQUARE DE LAUSANNE;1220;DIVONNE-LES-BAINS;1;143;;AE;563;;11;71;79;;;;;;;;;1;2;Appartement;;72;3;;
;;;;;;;1;13/01/2022;Vente;383000;246;;AV;440;DE GENEVE;1220;DIVONNE-LES-BAINS;1;143;;AO;166;;4;;;;;;;;;;1;3;Dépendance;;0;0;;;
;;;;;;;1;13/01/2022;Vente;383000;246;;AV;440;DE GENEVE;1220;DIVONNE-LES-BAINS;1;143;;AO;166;;38;;68;82;30;;;;;;;2;2;Appartement;;84;4;;
;;;;;;;1;13/01/2022;Vente;383000;246;;AV;440;DE GENEVE;1220;DIVONNE-LES-BAINS;1;143;;AO;166;;38;;68;82;30;;;;;;;2;3;Dépendance;;0;0;;
;;;;;;;1;05/01/2022;Vente en l'état futur d'achèvement;482000;;;;B012;LA FIN;1210;FERNEY-VOLTAIRE;1;160;;AC;129;;9;;;;;;;;;;1;;;;;;;;
;;;;;;;1;05/01/2022;Vente en l'état futur d'achèvement;482000;;;;B012;LA FIN;1210;FERNEY-VOLTAIRE;1;160;;AC;129;;141;;;;;;;;;;1;;;;;;;;
;;;;;;;1;10/01/2022;Vente;150000;2;;AV;55;BRILLAT SAVARIN;1500;SAINT-DENIS-EN-BUGEY;1;345;;AI;770;;17;83;0;18;;;;;;;;2;2;Appartement;;82;4;;
;;;;;;;1;10/01/2022;Vente;150000;2;;AV;55;BRILLAT SAVARIN;1500;SAINT-DENIS-EN-BUGEY;1;345;;AI;770;;17;83;0;18;;;;;;;;2;3;Dépendance;;0;0;;
;;;;;;;1;10/01/2022;Vente;150000;2;;AV;55;BRILLAT SAVARIN;1500;SAINT-DENIS-EN-BUGEY;1;345;;AI;770;;17;83;0;18;;;;;;;;2;3;Dépendance;;0;0;;
;;;;;;;1;10/01/2022;Vente terrain à bâtir;65000;;;;B084;EN RIGNION;1500;CHATEAU-GAILLARD;1;89;;ZL;595;;;;;;;;;;;;0;;;;;;AB;;278
;;;;;;;1;17/01/2022;Vente;200000;756;;RTE;15;DU BARRAGE;1550;POUGNY;1;308;;A;653;;;;;;;;;;;;0;3;Dépendance;;0;0;S;;414
;;;;;;;1;17/01/2022;Vente;200000;756;;RTE;15;DU BARRAGE;1550;POUGNY;1;308;;A;653;;;;;;;;;;;;0;1;Maison;;50;3;S;;414
;;;;;;;1;03/01/2022;Vente;610000;86;;CHE;55;DE LA CHAPELLE;1630;PERON;1;288;;B;370;;;;;;;;;;;;0;1;Maison;;119;6;S;;1033
;;;;;;;1;06/01/2022;Vente;104000;120;;AV;50;AQUEDUC;1220;DIVONNE-LES-BAINS;1;143;;AE;373;;62;13;90;;;;;;;;;1;2;Appartement;;12;1;;
;;;;;;;1;06/01/2022;Vente;104000;120;;AV;50;AQUEDUC;1220;DIVONNE-LES-BAINS;1;143;;AE;373;;62;13;90;;;;;;;;;1;3;Dépendance;;0;0;;
;;;;;;;1;06/01/2022;Vente;104000;120;;AV;50;AQUEDUC;1220;DIVONNE-LES-BAINS;1;143;;AE;373;;44;;;;;;;;;;1;3;Dépendance;;0;0;;;
;;;;;;;1;06/01/2022;Vente;200000;;;;B024;AU VILLAGE;1170;SEGNY;1;399;;AK;351;;;;;;;;;;;;0;;;;;;S;;80
;;;;;;;1;06/01/2022;Vente;200000;;;;B024;AU VILLAGE;1170;SEGNY;1;399;;AK;355;;;;;;;;;;;;0;;;;;;S;;4
;;;;;;;1;06/01/2022;Vente;200000;;;;B024;AU VILLAGE;1170;SEGNY;1;399;;AK;356;;;;;;;;;;;;0;;;;;;S;;203
;;;;;;;1;04/01/2022;Vente;220000;1;;CHE;313;DE LA LAITERIE;1200;VALSERHONE;1;33;;F;242;;;;;;;;;;;;0;1;Maison;;170;6;S;;147
;;;;;;;1;04/01/2022;Vente;220000;1;;CHE;313;DE LA LAITERIE;1200;VALSERHONE;1;33;;F;242;;;;;;;;;;;;0;3;Dépendance;;0;0;S;;147
;;;;;;;1;04/01/2022;Vente;220000;;;;B058;SUR MONT PELAZ;1200;VALSERHONE;1;33;;F;719;;;;;;;;;;;;0;;;;;;S;;45
;;;;;;;1;12/01/2022;Vente;84300;;;;B011;GRAND ETANG DE SERVAS;1960;SERVAS;1;405;;C;1045;;;;;;;;;;;;0;;;;;;AB;;638
;;;;;;;1;12/01/2022;Vente;84300;;;;B011;GRAND ETANG DE SERVAS;1960;SERVAS;1;405;;C;1062;;;;;;;;;;;;0;;;;;;AB;;205
;;;;;;;1;19/01/2022;Vente;3200;;;;B121;LE ROCHER;1370;MEILLONNAS;1;241;;ZD;76;;;;;;;;;;;;0;;;;;;P;;1320
;;;;;;;1;19/01/2022;Vente;3200;;;;B095;LA PLANTEE;1370;MEILLONNAS;1;241;;ZD;123;;;;;;;;;;;;0;;;;;;BT;;3810
;;;;;;;1;19/01/2022;Vente;3200;;;;B010;BOIS DES MAVAUVRES;1370;MEILLONNAS;1;241;;ZM;57;;;;;;;;;;;;0;;;;;;BS;;2848
;;;;;;;1;07/01/2022;Vente;100000;2;;RUE;394;JEAN MACE;1500;AMBERIEU-EN-BUGEY;1;4;;AN;491;;1;;14;;5;58;33;;;;;3;3;Dépendance;;0;0;;
;;;;;;;1;07/01/2022;Vente;100000;2;;RUE;394;JEAN MACE;1500;AMBERIEU-EN-BUGEY;1;4;;AN;491;;1;;14;;5;58;33;;;;;3;3;Dépendance;;0;0;;
;;;;;;;1;07/01/2022;Vente;100000;2;;RUE;394;JEAN MACE;1500;AMBERIEU-EN-BUGEY;1;4;;AN;491;;9;10;64;;;;;;;;;1;3;Dépendance;;0;0;;
;;;;;;;1;07/01/2022;Vente;100000;2;;RUE;394;JEAN MACE;1500;AMBERIEU-EN-BUGEY;1;4;;AN;491;;1;;14;;5;58;33;;;;;3;2;Appartement;;57;3;;
;;;;;;;1;07/01/2022;Vente;100000;2;;RUE;394;JEAN MACE;1500;AMBERIEU-EN-BUGEY;1;4;;AN;491;;5;58;33;;;;;;;;;1;3;Dépendance;;0;0;;
;;;;;;;1;06/01/2022;Vente;305000;;;;B024;AU VILLAGE;1170;SEGNY;1;399;;AK;362;;;;;;;;;;;;0;;;;;;S;;456
;;;;;;;1;06/01/2022;Vente;305000;;;;B024;AU VILLAGE;1170;SEGNY;1;399;;AK;363;;;;;;;;;;;;0;;;;;;S;;74
;;;;;;;4;07/01/2022;Vente;8880;;;;B012;LES FINS;1210;ORNEX;1;281;;AR;6;;;;;;;;;;;;0;;;;;;S;;2717
;;;;;;;4;07/01/2022;Vente;8880;;;;B027;TRELEBOUX;1210;ORNEX;1;281;;B;1955;;;;;;;;;;;;0;;;;;;S;;135
;;;;;;;4;07/01/2022;Vente;8880;;;;B027;TRELEBOUX;1210;ORNEX;1;281;;B;1956;;;;;;;;;;;;0;;;;;;S;;268
;;;;;;;4;07/01/2022;Vente;8880;;;;B001;LES ALLOUETTES;1210;ORNEX;1;281;;B;1966;;;;;;;;;;;;0;;;;;;S;;1320
;;;;;;;1;13/01/2022;Vente en l'état futur d'achèvement;223000;;;;B011;AU BATOIR;1150;LAGNIEU;1;202;;E;1876;;36;31;20;;;;;;;;;1;3;Dépendance;;0;0;;
;;;;;;;1;13/01/2022;Vente en l'état futur d'achèvement;223000;;;;B011;AU BATOIR;1150;LAGNIEU;1;202;;E;1876;;23;12;50;;;;;;;;;1;3;Dépendance;;0;0;;
;;;;;;;1;13/01/2022;Vente en l'état futur d'achèvement;223000;;;;B011;AU BATOIR;1150;LAGNIEU;1;202;;E;1876;;92;64;0;;;;;;;;;1;2;Appartement;;65;3;;
;;;;;;;1;12/01/2022;Vente;103000;41;A;RUE;44;MARIE DE FONSCOLOMBE;1500;SAINT-MAURICE-DE-REMENS;1;379;;AE;137;;2;78;44;;;;;;;;;1;2;Appartement;;78;3;;
;;;;;;;1;06/01/2022;Vente;137000;93;;CHE;228;DU CHATELARD;1220;DIVONNE-LES-BAINS;1;143;;AH;35;;176;46;48;;;;;;;;;1;4;Local industriel. commercial ou assimilé;;46;0;;
;;;;;;;1;06/01/2022;Vente;137000;93;;CHE;228;DU CHATELARD;1220;DIVONNE-LES-BAINS;1;143;;AH;35;;96;;;;;;;;;;1;4;Local industriel. commercial ou assimilé;;29;0;;;
;;;;;;;1;06/01/2022;Vente;640000;89;;IMP;121;DES ESSIENS;1210;VERSONNEX;1;435;;AD;353;;;;;;;;;;;;0;1;Maison;;95;5;S;;342
;;;;;;;1;14/01/2022;Vente;225000;2243;;RTE;160;DE TREVOUX;1310;MONTRACOL;1;264;;B;189;;;;;;;;;;;;0;1;Maison;;162;6;S;;670
;;;;;;;1;14/01/2022;Vente;225000;;;;B008;LA CAPITALE;1310;MONTRACOL;1;264;;B;928;;;;;;;;;;;;0;;;;;;P;;3478
;;;;;;;1;14/01/2022;Vente;33500;56;;RUE;520;PAUL PAINLEVE;1130;NANTUA;1;269;;AD;84;;14;;32;21;17;;;;;;;2;3;Dépendance;;0;0;;
;;;;;;;1;14/01/2022;Vente;33500;56;;RUE;520;PAUL PAINLEVE;1130;NANTUA;1;269;;AD;84;;14;;32;21;17;;;;;;;2;2;Appartement;;21;1;;
;;;;;;;1;06/01/2022;Vente;385000;57;;RTE;5;DE CESSY;1210;VERSONNEX;1;435;;AI;162;;77;;;;;;;;;;1;3;Dépendance;;0;0;;;
;;;;;;;1;06/01/2022;Vente;385000;27;;RTE;5;DE CESSY;1210;VERSONNEX;1;435;;AI;162;;14;86;54;52;;;;;;;;2;3;Dépendance;;0;0;;
;;;;;;;1;06/01/2022;Vente;385000;27;;RTE;5;DE CESSY;1210;VERSONNEX;1;435;;AI;162;;14;86;54;52;;;;;;;;2;2;Appartement;;89;4;;
;;;;;;;1;06/01/2022;Vente;157000;5769;;RUE;58;DES GRILLONS;1340;MONTREVEL-EN-BRESSE;1;266;;AK;173;;;;;;;;;;;;0;1;Maison;;69;3;S;;560
;;;;;;;1;07/01/2022;Vente;200000;266;;CHE;1050;FLEURI;1480;FRANS;1;166;;AK;79;;;;;;;;;;;;0;1;Maison;;80;5;S;;568
;;;;;;;1;11/01/2022;Vente;350000;41;;LOT;A073;PARC DES CHENES;1360;BALAN;1;27;;D;1246;;;;;;;;;;;;0;1;Maison;;89;5;S;;820
;;;;;;;1;11/01/2022;Vente;350000;;;;B019;LE CLOS;1360;BALAN;1;27;;D;1257;;;;;;;;;;;;0;;;;;;S;;14711
;;;;;;;1;19/01/2022;Vente;60000;;;;B038;LA POTIERE;1340;MONTREVEL-EN-BRESSE;1;266;;C;35;;;;;;;;;;;;0;;;;;;T;;20340
;;;;;;;1;19/01/2022;Vente;60000;;;;B038;LA POTIERE;1340;MONTREVEL-EN-BRESSE;1;266;;C;36;;;;;;;;;;;;0;;;;;;P;;3360
;;;;;;;1;19/01/2022;Vente;60000;;;;B038;LA POTIERE;1340;MONTREVEL-EN-BRESSE;1;266;;C;37;;;;;;;;;;;;0;;;;;;P;;3220
;;;;;;;1;19/01/2022;Vente;60000;;;;B038;LA POTIERE;1340;MONTREVEL-EN-BRESSE;1;266;;C;60;;;;;;;;;;;;0;;;;;;P;;13932
;;;;;;;1;19/01/2022;Vente;60000;;;;B038;LA POTIERE;1340;MONTREVEL-EN-BRESSE;1;266;;C;63;;;;;;;;;;;;0;;;;;;P;;58264
;;;;;;;1;19/01/2022;Vente;60000;;;;B038;LA POTIERE;1340;MONTREVEL-EN-BRESSE;1;266;;C;64;;;;;;;;;;;;0;;;;;;T;;96400
;;;;;;;1;19/01/2022;Vente;60000;;;;B038;LA POTIERE;1340;MONTREVEL-EN-BRESSE;1;266;;C;66;;;;;;;;;;;;0;;;;;;BS;;2960
;;;;;;;1;19/01/2022;Vente;60000;;;;B038;LA POTIERE;1340;MONTREVEL-EN-BRESSE;1;266;;C;67;;;;;;;;;;;;0;;;;;;P;;35837
;;;;;;;1;19/01/2022;Vente;60000;;;;B038;LA POTIERE;1340;MONTREVEL-EN-BRESSE;1;266;;C;69;;;;;;;;;;;;0;;;;;;T;;11782
;;;;;;;1;06/01/2022;Vente;415000;9;;IMP;733;DES DRUS;1200;VALSERHONE;1;33;458;AB;174;;;;;;;;;;;;0;1;Maison;;143;4;S;;1448
;;;;;;;1;06/01/2022;Vente;415000;;;;B349;VOUVRAY;1200;VALSERHONE;1;33;458;AB;182;;;;;;;;;;;;0;;;;;;S;;1070
;;;;;;;1;13/01/2022;Vente;275000;275;;RTE;230;DE SAINT JEAN DE GONVILLE;1630;PERON;1;288;;C;1565;;234;;;;;;;;;;1;3;Dépendance;;0;0;;;
;;;;;;;1;13/01/2022;Vente;275000;275;;RTE;230;DE SAINT JEAN DE GONVILLE;1630;PERON;1;288;;C;1565;;162;;66;;;;;;;;2;2;Appartement;;117;5;;;
;;;;;;;1;13/01/2022;Vente;275000;275;;RTE;230;DE SAINT JEAN DE GONVILLE;1630;PERON;1;288;;C;1565;;162;;66;;;;;;;;2;3;Dépendance;;0;0;;;
;;;;;;;1;07/01/2022;Vente;1000;;;;B036;LE CLODET;1320;CRANS;1;129;;D;125;;;;;;;;;;;;0;;;;;;BT;;2195
;;;;;;;1;08/01/2022;Vente;179000;9;;RUE;257;JOLIOT CURIE;1200;VALSERHONE;1;33;;AC;190;;81;;;;;;;;;;1;3;Dépendance;;0;0;;;
;;;;;;;1;08/01/2022;Vente;179000;11;;RUE;257;JOLIOT CURIE;1200;VALSERHONE;1;33;;AC;190;;56;;;;;;;;;;1;3;Dépendance;;0;0;;;
;;;;;;;1;08/01/2022;Vente;179000;9;;RUE;257;JOLIOT CURIE;1200;VALSERHONE;1;33;;AC;190;;17;;;;;;;;;;1;2;Appartement;;85;4;;;
;;;;;;;1;17/01/2022;Vente;188000;40;;RUE;670;HENRI DUNANT;1100;OYONNAX;1;283;;AI;337;;;;;;;;;;;;0;1;Maison;;98;5;S;;905
;;;;;;;1;12/01/2022;Vente;135000;;;;B020;SAINT JUST;1250;SAINT-JUST;1;369;;B;649;;;;;;;;;;;;0;;;;;;AB;;1142
;;;;;;;1;17/01/2022;Vente;2000;;;;B057;AU FONTAGNOUX;1230;ARGIS;1;17;;ZC;29;;;;;;;;;;;;0;;;;;;BT;;10851
;;;;;;;1;07/01/2022;Vente;15000;;;;B044;COLLONGES;1550;COLLONGES;1;109;;F;189;;;;;;;;;;;;0;;;;;;J;;90
;;;;;;;1;07/01/2022;Vente;15000;;;;B044;COLLONGES;1550;COLLONGES;1;109;;F;197;;;;;;;;;;;;0;;;;;;J;;82
;;;;;;;1;17/01/2022;Vente terrain à bâtir;72200;;;;B084;EN RIGNION;1500;CHATEAU-GAILLARD;1;89;;ZL;554;;;;;;;;;;;;0;;;;;;AB;;388
;;;;;;;2;07/01/2022;Vente;120000;;;;B137;LES GUIGNIERES;1240;DOMPIERRE-SUR-VEYLE;1;145;;F;1541;;;;;;;;;;;;0;;;;;;P;;2047
;;;;;;;1;18/01/2022;Vente;105440;9029;;;B031;BREDEVENT;1500;AMBERIEU-EN-BUGEY;1;4;;C;749;;;;;;;;;;;;0;1;Maison;;34;2;S;;34
;;;;;;;1;18/01/2022;Vente;105440;;;;B031;BREDEVENT;1500;AMBERIEU-EN-BUGEY;1;4;;C;756;;;;;;;;;;;;0;;;;;;P;;498
;;;;;;;2;13/01/2022;Vente;47000;;;RTE;111;DE MATAFELON;1580;IZERNORE;1;192;;G;955;;;;;;;;;;;;0;;;;;;S;;519
;;;;;;;1;11/01/2022;Vente;450000;20;;RUE;240;JOSEPH CARRE;1700;MIRIBEL;1;249;;AE;1179;;;;;;;;;;;;0;4;Local industriel. commercial ou assimilé;;230;0;S;;627
;;;;;;;1;13/01/2022;Vente;135000;32;;IMP;1150;DES CAMPAGNOLES;1170;GEX;1;173;;AP;7;;826;;850;31;36;;;;;;;2;3;Dépendance;;0;0;;
;;;;;;;1;13/01/2022;Vente;135000;9001;;RUE;755;DES VERTES CAMPAGNES;1170;GEX;1;173;;AP;7;;1036;;;;;;;;;;1;3;Dépendance;;0;0;;;
;;;;;;;1;13/01/2022;Vente;135000;32;;IMP;1150;DES CAMPAGNOLES;1170;GEX;1;173;;AP;7;;826;;850;31;36;;;;;;;2;2;Appartement;;31;2;;
;;;;;;;1;14/01/2022;Vente;320000;15;;AV;10;DES ALPES;1210;FERNEY-VOLTAIRE;1;160;;AM;518;;15;;55;83;49;;;;;;;2;2;Appartement;;84;4;;
;;;;;;;1;14/01/2022;Vente;320000;15;;AV;10;DES ALPES;1210;FERNEY-VOLTAIRE;1;160;;AM;518;;128;;;;;;;;;;1;3;Dépendance;;0;0;;;
;;;;;;;1;14/01/2022;Vente;320000;15;;AV;10;DES ALPES;1210;FERNEY-VOLTAIRE;1;160;;AM;518;;15;;55;83;49;;;;;;;2;3;Dépendance;;0;0;;
;;;;;;;1;07/01/2022;Vente;104500;;;;B076;LE PONTHOUD;1200;VALSERHONE;1;33;;AM;555;;;;;;;;;;;;0;;;;;;AB;;450
;;;;;;;1;11/01/2022;Vente;70000;;;;B006;LE BOURG;1290;BIZIAT;1;46;;B;1227;;;;;;;;;;;;0;;;;;;S;;30
;;;;;;;1;11/01/2022;Vente;70000;;;;B006;LE BOURG;1290;BIZIAT;1;46;;B;1228;;;;;;;;;;;;0;;;;;;AB;;1441
;;;;;;;1;10/01/2022;Vente;173950;49;;RUE;155;DE LA CROIX COLIN;1750;REPLONGES;1;320;;AB;141;;32;103;35;9;;;;;;;;2;3;Dépendance;;0;0;;
;;;;;;;1;10/01/2022;Vente;173950;49;;RUE;155;DE LA CROIX COLIN;1750;REPLONGES;1;320;;AB;141;;32;103;35;9;;;;;;;;2;3;Dépendance;;0;0;;
;;;;;;;1;10/01/2022;Vente;173950;49;;RUE;155;DE LA CROIX COLIN;1750;REPLONGES;1;320;;AB;141;;32;103;35;9;;;;;;;;2;2;Appartement;;89;4;;
;;;;;;;1;10/01/2022;Vente;173950;49;;RUE;155;DE LA CROIX COLIN;1750;REPLONGES;1;320;;AB;141;;6;;;;;;;;;;1;3;Dépendance;;0;0;;;
;;;;;;;1;10/01/2022;Vente;348500;;;;B024;MOULIN DE CORSANT;1540;PERREX;1;291;;C;58;;;;;;;;;;;;0;;;;;;T;;710
;;;;;;;1;10/01/2022;Vente;348500;;;;B024;MOULIN DE CORSANT;1540;PERREX;1;291;;C;758;;;;;;;;;;;;0;;;;;;P;;3243
;;;;;;;1;10/01/2022;Vente;348500;;;;B024;MOULIN DE CORSANT;1540;PERREX;1;291;;C;759;;;;;;;;;;;;0;;;;;;T;;2328
;;;;;;;1;10/01/2022;Vente;348500;131;A;CHE;180;DE LA SCIERIE;1540;PERREX;1;291;;C;804;;;;;;;;;;;;0;3;Dépendance;;0;0;S;;514
;;;;;;;1;10/01/2022;Vente;348500;131;A;CHE;180;DE LA SCIERIE;1540;PERREX;1;291;;C;804;;;;;;;;;;;;0;3;Dépendance;;0;0;S;;514
;;;;;;;1;10/01/2022;Vente;348500;;;;B024;MOULIN DE CORSANT;1540;PERREX;1;291;;C;806;;;;;;;;;;;;0;;;;;;J;;144
;;;;;;;1;10/01/2022;Vente;348500;131;;CHE;180;DE LA SCIERIE;1540;PERREX;1;291;;C;808;;;;;;;;;;;;0;3;Dépendance;;0;0;S;;3234
;;;;;;;1;10/01/2022;Vente;348500;131;;CHE;180;DE LA SCIERIE;1540;PERREX;1;291;;C;808;;;;;;;;;;;;0;1;Maison;;133;5;S;;3234
;;;;;;;1;10/01/2022;Vente;348500;131;;CHE;180;DE LA SCIERIE;1540;PERREX;1;291;;C;808;;;;;;;;;;;;0;3;Dépendance;;0;0;S;;3234
;;;;;;;1;06/01/2022;Vente;80000;;;;B223;LA NITRIERE;1160;NEUVILLE-SUR-AIN;1;273;;C;1754;;;;;;;;;;;;0;;;;;;P;;653
;;;;;;;1;10/01/2022;Vente;285000;372;;RTE;85;DE CROYAT;1290;SAINT-JEAN-SUR-VEYLE;1;365;;C;1495;;;;;;;;;;;;0;3;Dépendance;;0;0;S;;1590
;;;;;;;1;10/01/2022;Vente;285000;372;;RTE;85;DE CROYAT;1290;SAINT-JEAN-SUR-VEYLE;1;365;;C;1495;;;;;;;;;;;;0;1;Maison;;108;4;S;;1590
;;;;;;;1;10/01/2022;Vente;285000;372;;RTE;85;DE CROYAT;1290;SAINT-JEAN-SUR-VEYLE;1;365;;C;1495;;;;;;;;;;;;0;3;Dépendance;;0;0;S;;1590
;;;;;;;1;10/01/2022;Vente;45000;66;;RTE;15;DES BAGNES;1290;SAINT-JEAN-SUR-VEYLE;1;365;;B;1303;;;;;;;;;;;;0;;;;;;AB;;629
;;;;;;;1;10/01/2022;Vente;45000;66;;RTE;15;DES BAGNES;1290;SAINT-JEAN-SUR-VEYLE;1;365;;B;1306;;;;;;;;;;;;0;;;;;;S;;12
;;;;;;;1;17/01/2022;Vente en l'état futur d'achèvement;308500;;;;B011;AU BATOIR;1150;LAGNIEU;1;202;;E;1876;;26;;;;;;;;;;1;3;Dépendance;;0;0;;;
;;;;;;;1;17/01/2022;Vente en l'état futur d'achèvement;308500;;;;B011;AU BATOIR;1150;LAGNIEU;1;202;;E;1876;;34;;;;;;;;;;1;3;Dépendance;;0;0;;;
;;;;;;;1;17/01/2022;Vente en l'état futur d'achèvement;308500;;;;B011;AU BATOIR;1150;LAGNIEU;1;202;;E;1876;;76;;;;;;;;;;1;2;Appartement;;94;4;;;
;;;;;;;1;10/01/2022;Vente;90000;15;;RUE;36;DE L'EGLISE;1150;VAUX-EN-BUGEY;1;431;;AB;240;;;;;;;;;;;;0;1;Maison;;35;3;S;;33
;;;;;;;1;06/01/2022;Vente;92000;;;;B013;LA BRIDA;1100;ARBENT;1;14;;B;417;;;;;;;;;;;;0;;;;;;BR;;77325
;;;;;;;1;06/01/2022;Vente;92000;;;;B013;LA BRIDA;1100;ARBENT;1;14;;B;417;;;;;;;;;;;;0;;;;;;BT;;10000
;;;;;;;1;06/01/2022;Vente;92000;;;;B048;EN DEUX BIEZ;1100;ARBENT;1;14;;B;418;;;;;;;;;;;;0;;;;;;BR;;10860
;;;;;;;1;06/01/2022;Vente;92000;;;;B048;EN DEUX BIEZ;1100;ARBENT;1;14;;B;418;;;;;;;;;;;;0;;;;;;BS;;10860
;;;;;;;1;06/01/2022;Vente;92000;;;;B048;EN DEUX BIEZ;1100;ARBENT;1;14;;B;420;;;;;;;;;;;;0;;;;;;BR;;9320
;;;;;;;1;06/01/2022;Vente;92000;;;;B048;EN DEUX BIEZ;1100;ARBENT;1;14;;B;1293;;;;;;;;;;;;0;;;;;;BT;;11349
;;;;;;;1;17/01/2022;Vente en l'état futur d'achèvement;188500;;;;B011;AU BATOIR;1150;LAGNIEU;1;202;;E;1876;;28;;;;;;;;;;1;3;Dépendance;;0;0;;;
;;;;;;;1;17/01/2022;Vente en l'état futur d'achèvement;188500;;;;B011;AU BATOIR;1150;LAGNIEU;1;202;;E;1876;;56;;;;;;;;;;1;3;Dépendance;;0;0;;;
;;;;;;;1;17/01/2022;Vente en l'état futur d'achèvement;188500;;;;B011;AU BATOIR;1150;LAGNIEU;1;202;;E;1876;;75;;;;;;;;;;1;2;Appartement;;53;2;;;
;;;;;;;1;06/01/2022;Echange;3499;;;;B108;SOUS MONTGENET;1800;SAINT-MAURICE-DE-GOURDANS;1;378;;F;905;;;;;;;;;;;;0;;;;;;T;;2810
;;;;;;;1;06/01/2022;Echange;3499;;;;B108;SOUS MONTGENET;1800;SAINT-MAURICE-DE-GOURDANS;1;378;;F;906;;;;;;;;;;;;0;;;;;;T;;5698
;;;;;;;2;06/01/2022;Echange;3499;;;;B037;LA DETRAS;1800;SAINT-JEAN-DE-NIOST;1;361;;E;236;;;;;;;;;;;;0;;;;;;T;;2899
;;;;;;;2;06/01/2022;Echange;3499;;;;B058;MOLLARD MERCIER;1800;SAINT-JEAN-DE-NIOST;1;361;;E;246;;;;;;;;;;;;0;;;;;;T;;2693
;;;;;;;2;06/01/2022;Echange;3499;;;;B058;MOLLARD MERCIER;1800;SAINT-JEAN-DE-NIOST;1;361;;E;252;;;;;;;;;;;;0;;;;;;T;;3157
;;;;;;;1;11/01/2022;Vente;1710;;;;B136;PRE DE PRESLE;1270;COLIGNY;1;108;;ZE;259;;;;;;;;;;;;0;;;;;;P;;6840
;;;;;;;1;06/01/2022;Vente;130000;;;;B032;CHEVIGNAT;1370;COURMANGOUX;1;127;;AC;69;;;;;;;;;;;;0;;;;;;P;;712
;;;;;;;1;06/01/2022;Vente;130000;5;;IMP;13;DES CADETS DU REVERMONT;1370;COURMANGOUX;1;127;;AC;149;;;;;;;;;;;;0;3;Dépendance;;0;0;S;;684
;;;;;;;1;06/01/2022;Vente;130000;5;;IMP;13;DES CADETS DU REVERMONT;1370;COURMANGOUX;1;127;;AC;149;;;;;;;;;;;;0;1;Maison;;69;3;S;;684
;;;;;;;1;12/01/2022;Vente;230000;605;;CHE;370;DU PORT BERNALIN;1600;REYRIEUX;1;322;;ZM;127;;;;;;;;;;;;0;1;Maison;;50;2;T;;501
;;;;;;;1;12/01/2022;Vente;230000;605;;CHE;370;DU PORT BERNALIN;1600;REYRIEUX;1;322;;ZM;127;;;;;;;;;;;;0;1;Maison;;50;2;S;;609
;;;;;;;1;03/01/2022;Vente;190000;;;;B094;BIEF DE LA CROIX;1240;SAINT-PAUL-DE-VARAX;1;383;;AC;10;;;;;;;;;;;;0;;;;;;S;;61
;;;;;;;1;03/01/2022;Vente;190000;26;;CHEM;210;DES RAMBLAS;1240;SAINT-PAUL-DE-VARAX;1;383;;AC;11;;;;;;;;;;;;0;1;Maison;;97;5;S;;236
;;;;;;;1;03/01/2022;Vente;190000;;;;B094;BIEF DE LA CROIX;1240;SAINT-PAUL-DE-VARAX;1;383;;AC;12;;;;;;;;;;;;0;;;;;;S;;740
;;;;;;;1;14/01/2022;Vente en l'état futur d'achèvement;337825;;;;B263;TIRET;1500;AMBERIEU-EN-BUGEY;1;4;;AO;24;;70;;;;;;;;;;1;;;;;;;;
;;;;;;;1;14/01/2022;Vente en l'état futur d'achèvement;337825;;;;B263;TIRET;1500;AMBERIEU-EN-BUGEY;1;4;;AO;24;;71;;;;;;;;;;1;;;;;;;;
;;;;;;;1;14/01/2022;Vente en l'état futur d'achèvement;337825;;;;B263;TIRET;1500;AMBERIEU-EN-BUGEY;1;4;;AO;24;;1;;;;;;;;;;1;;;;;;;;
;;;;;;;1;14/01/2022;Vente en l'état futur d'achèvement;337825;;;;B263;TIRET;1500;AMBERIEU-EN-BUGEY;1;4;;AO;24;;49;;;;;;;;;;1;;;;;;;;
;;;;;;;1;14/01/2022;Vente en l'état futur d'achèvement;337825;;;;B263;TIRET;1500;AMBERIEU-EN-BUGEY;1;4;;AO;24;;50;;;;;;;;;;1;;;;;;;;
;;;;;;;1;14/01/2022;Vente en l'état futur d'achèvement;337825;;;;B263;TIRET;1500;AMBERIEU-EN-BUGEY;1;4;;AO;24;;69;;;;;;;;;;1;;;;;;;;
;;;;;;;1;14/01/2022;Vente en l'état futur d'achèvement;337825;;;;B263;TIRET;1500;AMBERIEU-EN-BUGEY;1;4;;AO;24;;48;;;;;;;;;;1;;;;;;;;
;;;;;;;1;06/01/2022;Vente en l'état futur d'achèvement;291600;;;;B035;MALIVERT;1630;ST-GENIS-POUILLY;1;354;;AW;104;;206;;;;;;;;;;1;;;;;;;;
;;;;;;;1;06/01/2022;Vente en l'état futur d'achèvement;291600;;;;;;;ST-GENIS-POUILLY;1;354;;AW;104;;29;;;;;;;;;;1;;;;;;;;
;;;;;;;1;10/01/2022;Vente en l'état futur d'achèvement;369900;;;;;;;ST-GENIS-POUILLY;1;354;;AW;104;;48;;;;;;;;;;1;;;;;;;;
;;;;;;;1;10/01/2022;Vente en l'état futur d'achèvement;369900;;;;B035;MALIVERT;1630;ST-GENIS-POUILLY;1;354;;AW;104;;337;;;;;;;;;;1;3;Dépendance;;0;0;;;
;;;;;;;1;06/01/2022;Vente en l'état futur d'achèvement;274000;;;;;;;ST-GENIS-POUILLY;1;354;;AW;104;;133;;;;;;;;;;1;;;;;;;;
;;;;;;;1;06/01/2022;Vente en l'état futur d'achèvement;274000;;;;B035;MALIVERT;1630;ST-GENIS-POUILLY;1;354;;AW;104;;408;;;;;;;;;;1;;;;;;;;
;;;;;;;1;13/01/2022;Vente;8000;;;;B838;LA PAIX;1110;PLATEAU D'HAUTEVILLE;1;185;417;VN;2;;;;;;;;;;;;0;;;;;;BR;;13352
;;;;;;;1;05/01/2022;Vente;165000;13;;RUE;20;DE CHAILLON;1150;SAULT-BRENAZ;1;396;;AE;106;;;;;;;;;;;;0;1;Maison;;237;10;S;;240
;;;;;;;1;14/01/2022;Vente;280400;60;;IMP;285;MARASQUE;1330;AMBERIEUX-EN-DOMBES;1;5;;AD;216;;;;;;;;;;;;0;1;Maison;;93;5;S;;898
;;;;;;;1;12/01/2022;Vente;25000;5612;;;B063;LE FAYOLLET;1560;SAINT-TRIVIER-DE-COURTES;1;388;;D;1090;;;;;;;;;;;;0;4;Local industriel. commercial ou assimilé;;57;0;S;;1267
;;;;;;;1;12/01/2022;Vente;25000;5337;;;B063;LE FAYOLLET;1560;SAINT-TRIVIER-DE-COURTES;1;388;;D;1128;;;;;;;;;;;;0;4;Local industriel. commercial ou assimilé;;784;0;S;;1940
;;;;;;;1;12/01/2022;Vente;25000;;;;B063;LE FAYOLLET;1560;SAINT-TRIVIER-DE-COURTES;1;388;;D;1249;;;;;;;;;;;;0;;;;;;S;;326
;;;;;;;1;13/01/2022;Vente;36200;17;;RUE;10;DE LA BRETTERIE;1230;CHALEY;1;76;;B;240;;;;;;;;;;;;0;1;Maison;;60;3;S;;113
;;;;;;;1;13/01/2022;Vente;36200;;;;B055;LE VILLAGE;1230;CHALEY;1;76;;B;248;;;;;;;;;;;;0;;;;;;J;;9
;;;;;;;1;13/01/2022;Vente;36200;;;;B055;LE VILLAGE;1230;CHALEY;1;76;;B;251;;;;;;;;;;;;0;;;;;;J;;15
;;;;;;;1;17/01/2022;Vente;148900;2;;RUE;910;DE LA CITADELLE;1000;BOURG-EN-BRESSE;1;53;;AE;132;;19;74;45;4;;7;;;;;;3;2;Appartement;;73;4;;
;;;;;;;1;17/01/2022;Vente;148900;2;;RUE;910;DE LA CITADELLE;1000;BOURG-EN-BRESSE;1;53;;AE;132;;19;74;45;4;;7;;;;;;3;3;Dépendance;;0;0;;
;;;;;;;1;17/01/2022;Vente;148900;2;;RUE;910;DE LA CITADELLE;1000;BOURG-EN-BRESSE;1;53;;AE;132;;19;74;45;4;;7;;;;;;3;3;Dépendance;;0;0;;
;;;;;;;1;17/01/2022;Vente;148900;2;;RUE;910;DE LA CITADELLE;1000;BOURG-EN-BRESSE;1;53;;AE;132;;24;;;;;;;;;;1;3;Dépendance;;0;0;;;
;;;;;;;1;12/01/2022;Vente;140000;;;;B076;MAS CHOQUET;1800;BOURG-SAINT-CHRISTOPHE;1;54;;ZD;581;;;;;;;;;;;;0;;;;;;AB;;592
;;;;;;;1;06/01/2022;Vente;280000;5371;;RUE;40;DES BROSSES;1800;BOURG-SAINT-CHRISTOPHE;1;54;;ZE;211;;;;;;;;;;;;0;1;Maison;;100;4;AG;;1000
;;;;;;;1;06/01/2022;Vente;280000;5371;;RUE;40;DES BROSSES;1800;BOURG-SAINT-CHRISTOPHE;1;54;;ZE;211;;;;;;;;;;;;0;3;Dépendance;;0;0;AG;;1000
;;;;;;;1;06/01/2022;Vente;280000;5371;;RUE;40;DES BROSSES;1800;BOURG-SAINT-CHRISTOPHE;1;54;;ZE;211;;;;;;;;;;;;0;1;Maison;;100;4;S;;500
;;;;;;;1;06/01/2022;Vente;280000;5371;;RUE;40;DES BROSSES;1800;BOURG-SAINT-CHRISTOPHE;1;54;;ZE;211;;;;;;;;;;;;0;3;Dépendance;;0;0;S;;500
;;;;;;;1;17/01/2022;Vente;935000;;;;B089;SARASIN;1170;GEX;1;173;;AY;319;;;;;;;;;;;;0;;;;;;S;;609
;;;;;;;1;17/01/2022;Vente;935000;821;;RTE;743;DE TUTEGNY;1170;GEX;1;173;;AY;378;;;;;;;;;;;;0;1;Maison;;208;5;S;;1261
;;;;;;;1;17/01/2022;Vente;935000;821;;RTE;743;DE TUTEGNY;1170;GEX;1;173;;AY;378;;;;;;;;;;;;0;3;Dépendance;;0;0;S;;1261
;;;;;;;1;17/01/2022;Vente;935000;821;;RTE;743;DE TUTEGNY;1170;GEX;1;173;;AY;378;;;;;;;;;;;;0;3;Dépendance;;0;0;S;;1261
;;;;;;;1;17/01/2022;Vente;935000;821;;RTE;743;DE TUTEGNY;1170;GEX;1;173;;AY;378;;;;;;;;;;;;0;3;Dépendance;;0;0;S;;1261
;;;;;;;1;20/01/2022;Vente;13500;;;;B041;CHALLES;1250;HAUTECOURT-ROMANECHE;1;184;;AK;132;;;;;;;;;;;;0;;;;;;S;;70
;;;;;;;1;19/01/2022;Vente;900;;;;B008;BOIS GUYON;1250;VILLEREVERSURE;1;447;;A;714;;;;;;;;;;;;0;;;;;;BT;;1310
;;;;;;;1;19/01/2022;Vente;900;;;;B008;BOIS GUYON;1250;VILLEREVERSURE;1;447;;A;715;;;;;;;;;;;;0;;;;;;BT;;850
;;;;;;;1;19/01/2022;Vente;900;;;;B154;MONT GRENIER;1250;VILLEREVERSURE;1;447;;E;521;;;;;;;;;;;;0;;;;;;L;FRICH;761
;;;;;;;1;19/01/2022;Vente;900;;;;B154;MONT GRENIER;1250;VILLEREVERSURE;1;447;;E;522;;;;;;;;;;;;0;;;;;;L;FRICH;5849
;;;;;;;1;10/01/2022;Vente;332000;5;;ALL;455;DES TROENES;1600;MASSIEUX;1;238;;AB;267;;;;;;;;;;;;0;1;Maison;;99;5;S;;355
;;;;;;;1;06/01/2022;Vente;40000;;;;B114;LA COMBE;1160;SAINT-MARTIN-DU-MONT;1;374;;G;1904;;;;;;;;;;;;0;;;;;;AB;;459
;;;;;;;1;10/01/2022;Vente;87000;3;;RUE;1860;HENRI DUNANT;1000;BOURG-EN-BRESSE;1;53;;BM;109;;403;;433;74;20;;;;;;;2;3;Dépendance;;0;0;;
